CustomerID,Recency,Frequency,Monetary
12346.0,326,1,77183.6
12347.0,3,162,3653.4500000000003
12348.0,76,27,1437.24
12349.0,19,68,1372.42
12350.0,311,13,258.0
12352.0,37,76,1373.24
12353.0,205,4,89.0
12354.0,233,57,1062.8
12355.0,215,9,363.1
12356.0,23,55,2406.63
12357.0,34,116,5301.97
12358.0,2,10,341.86
12359.0,58,241,6205.08
12360.0,53,119,2118.36
12361.0,288,9,174.9
12362.0,4,244,4520.27
12363.0,110,23,552.0
12364.0,8,75,1133.4
12365.0,292,19,283.94
12367.0,5,10,150.9
12370.0,52,151,2975.46
12371.0,60,51,1269.56
12372.0,72,46,1164.54
12373.0,312,12,305.1
12374.0,26,31,589.03
12375.0,11,12,286.1
12377.0,316,72,1460.52
12378.0,130,206,3794.32
12379.0,82,36,739.84
12380.0,22,88,2191.51
12381.0,5,78,1408.15
12383.0,185,87,1498.36
12384.0,29,22,371.62
12386.0,338,10,401.9
12388.0,16,89,2524.91
12390.0,80,30,494.34000000000003
12391.0,22,96,420.41
12393.0,73,61,1521.0
12394.0,64,25,1080.48
12395.0,20,141,2645.78
12397.0,36,123,2199.9
12398.0,46,80,1381.46
12399.0,120,54,1018.65
12401.0,304,2,36.45
12402.0,324,9,176.1
12403.0,50,1,9.9
12405.0,149,46,1193.41
12406.0,23,97,2930.9
12407.0,50,60,1309.3
12408.0,33,96,2538.45
12409.0,79,102,10223.27
12410.0,309,25,533.33
12412.0,75,54,1091.67
12413.0,67,31,589.3
12414.0,218,11,263.76
12415.0,25,690,121265.99
12417.0,4,163,2936.05
12418.0,113,33,635.88
12420.0,64,28,585.54
12421.0,16,35,516.74
12422.0,96,36,654.1
12423.0,1,99,1422.27
12424.0,163,30,1760.96
12425.0,79,33,727.36
12426.0,195,28,508.23
12427.0,22,28,699.8
12428.0,26,233,5145.9
12429.0,10,86,3212.84
12430.0,44,10,216.4
12431.0,36,210,5896.75
12432.0,43,94,3242.12
12433.0,1,390,12542.25
12434.0,85,48,773.44
12435.0,80,36,7829.89
12436.0,100,13,330.91
12437.0,2,181,4396.16
12438.0,15,94,2436.13
12441.0,367,8,117.30000000000001
12442.0,4,11,144.06
12444.0,22,162,3926.7
12445.0,23,1,17.4
12446.0,58,54,949.5600000000001
12447.0,244,24,411.99
12448.0,45,17,310.37
12449.0,23,174,3447.69
12450.0,157,8,197.88
12451.0,11,320,8094.57
12452.0,17,20,348.57
12453.0,135,43,707.09
12454.0,57,12,2734.7400000000002
12455.0,74,73,1956.96
12456.0,45,113,2437.08
12457.0,87,55,1585.58
12458.0,72,33,731.9
12461.0,155,34,626.88
12462.0,19,58,907.39
12463.0,54,72,1138.05
12464.0,11,22,957.05
12465.0,18,44,665.59
12468.0,188,33,609.84
12471.0,3,439,17424.05
12472.0,33,319,5892.37
12473.0,54,144,2344.4
12474.0,18,392,6548.63
12475.0,54,35,669.38
12476.0,16,212,5645.48
12477.0,23,271,11165.47
12478.0,4,35,545.99
12479.0,12,28,443.2
12480.0,29,133,2647.41
12481.0,23,204,4913.87
12483.0,18,63,1830.94
12484.0,36,291,3439.51
12488.0,10,51,1198.46
12489.0,337,13,289.03
12490.0,6,225,4584.7300000000005
12491.0,39,25,424.40000000000003
12492.0,64,16,201.41000000000003
12493.0,166,20,379.74
12494.0,16,63,976.6600000000001
12497.0,82,12,921.6
12498.0,22,21,349.70000000000005
12500.0,24,47,3923.62
12501.0,337,137,1834.06
12502.0,96,125,2740.67
12504.0,19,8,428.04999999999995
12506.0,233,23,73.5
12507.0,135,20,1052.81
12508.0,27,65,378.65
12509.0,285,5,109.0
12510.0,143,29,779.17
12512.0,67,28,106.47
12513.0,113,33,547.79
12514.0,268,51,1017.68
12515.0,354,13,243.0
12516.0,78,18,835.98
12517.0,29,264,2199.67
12518.0,1,115,1780.59
12519.0,64,17,286.84
12520.0,80,131,2177.15
12521.0,143,37,545.68
12522.0,40,10,156.72
12523.0,20,100,1677.97
12524.0,10,132,3756.72
12526.0,1,67,1162.46
12527.0,82,12,189.59
12528.0,10,65,1325.36
12530.0,60,52,1112.53
12531.0,15,17,125.22
12532.0,31,15,313.83000000000004
12534.0,131,54,869.97
12535.0,92,29,600.75
12536.0,60,246,4078.54
12538.0,30,21,363.95
12539.0,23,250,5235.65
12540.0,20,439,11170.44
12541.0,30,49,841.18
12544.0,37,16,286.7
12545.0,76,42,742.39
12546.0,47,67,1021.5
12547.0,198,6,151.79999999999998
12548.0,167,4,67.19999999999999
12550.0,80,48,705.34
12551.0,358,8,129.0
12552.0,40,16,279.57
12553.0,9,156,2756.31
12556.0,51,109,545.0699999999999
12557.0,17,22,2633.84
12558.0,8,9,228.76
12559.0,311,20,525.71
12560.0,6,98,1787.31
12561.0,303,15,224.0
12562.0,9,156,3298.2400000000002
12564.0,262,18,367.35
12565.0,289,9,145.92
12566.0,87,16,276.65
12567.0,23,417,8071.03
12569.0,3,143,2851.7400000000002
12571.0,40,33,511.81
12572.0,9,54,880.08
12573.0,228,24,129.14000000000001
12574.0,316,10,182.45000000000002
12576.0,36,82,1242.97
12577.0,36,134,619.24
12578.0,22,109,2355.31
12579.0,79,26,365.42
12580.0,247,23,379.7
12581.0,40,13,169.21
12582.0,239,19,321.36
12583.0,3,232,6705.38
12584.0,4,90,2125.4500000000003
12585.0,235,84,1813.6
12586.0,18,10,179.24
12587.0,8,3,104.0
12588.0,40,9,174.89999999999998
12589.0,29,31,549.08
12590.0,212,62,7975.06
12591.0,318,25,368.85
12592.0,93,16,401.6
12593.0,109,19,342.59999999999997
12594.0,38,112,3100.58
12596.0,52,23,404.17
12597.0,20,191,3066.31
12598.0,10,125,2763.48
12599.0,30,55,888.58
12600.0,29,36,1129.0800000000002
12601.0,190,22,451.66
12602.0,59,12,153.12
12603.0,22,1,613.1999999999999
12604.0,80,13,204.98000000000002
12607.0,61,96,1508.81
12609.0,79,52,898.91
12610.0,23,97,1656.19
12611.0,53,61,1133.1
12612.0,75,4,68.03999999999999
12613.0,58,143,2992.58
12614.0,278,16,249.6
12615.0,3,95,1980.19
12616.0,96,30,641.3
12617.0,30,42,355.53
12618.0,22,10,137.31
12619.0,17,79,2724.16
12620.0,15,79,1169.15
12621.0,2,429,12054.41
12622.0,233,9,147.1
12623.0,277,16,249.6
12624.0,107,32,511.03000000000003
12625.0,212,83,2348.42
12626.0,24,276,5736.06
12627.0,11,211,3837.77
12628.0,5,36,699.76
12630.0,10,57,940.18
12631.0,58,28,428.2
12633.0,59,94,1880.32
12635.0,90,94,1439.22
12637.0,68,375,5755.44
12638.0,34,34,479.05
12639.0,239,18,318.6
12640.0,24,50,994.58
12641.0,116,9,145.9
12642.0,26,42,875.26
12643.0,129,16,2576.64
12644.0,130,31,477.91
12645.0,34,69,1631.18
12646.0,5,41,1214.17
12647.0,23,93,2703.31
12648.0,155,16,234.15
12649.0,108,28,546.11
12650.0,4,19,242.44000000000003
12651.0,335,7,85.95
12652.0,332,46,778.98
12653.0,149,43,2209.85
12654.0,11,34,529.98
12656.0,18,113,3482.05
12657.0,12,44,1427.18
12658.0,19,26,460.75
12659.0,30,4,73.68
12660.0,12,11,211.8
12662.0,1,210,3379.38
12664.0,88,6,85.5
12665.0,325,2,45.0
12667.0,59,30,432.23
12668.0,12,147,3033.35
12669.0,151,93,1366.53
12670.0,11,84,2636.95
12672.0,330,9,206.39999999999998
12673.0,6,34,505.62
12674.0,39,77,1778.2
12676.0,25,36,842.69
12678.0,43,152,15382.76
12679.0,59,40,868.02
12680.0,1,49,790.81
12681.0,15,601,12122.28
12682.0,4,464,10015.42
12683.0,5,318,7286.7699999999995
12684.0,8,98,2073.63
12685.0,29,143,2407.37
12686.0,372,6,71.14
12688.0,114,152,4501.39
12689.0,26,67,1098.41
12690.0,206,15,335.01
12691.0,29,27,927.8
12693.0,128,31,656.29
12694.0,71,35,761.67
12695.0,8,25,547.15
12697.0,29,38,757.59
12700.0,8,250,4315.83
12701.0,80,50,721.03
12702.0,20,10,183.3
12703.0,72,20,265.55
12704.0,8,63,1487.09
12705.0,16,303,5980.71
12707.0,292,33,603.42
12708.0,33,136,2294.41
12709.0,16,194,8726.72
12710.0,97,71,973.72
12712.0,29,95,2787.05
12713.0,1,34,694.9499999999999
12714.0,10,242,4124.53
12715.0,107,19,253.06
12716.0,4,64,933.19
12717.0,152,52,815.38
12718.0,72,16,169.4
12719.0,6,33,511.35
12720.0,3,332,4921.31
12721.0,32,137,2128.44
12722.0,86,48,860.35
12723.0,4,67,697.59
12724.0,6,47,886.01
12725.0,372,12,175.95000000000002
12726.0,29,117,2411.1
12727.0,11,119,2960.15
12728.0,72,38,650.63
12729.0,114,25,417.01
12731.0,24,266,16767.71
12732.0,180,11,218.26000000000002
12733.0,235,21,362.15
12734.0,353,2,93.6
12735.0,316,40,676.97
12736.0,333,3,144.0
12738.0,373,10,137.35
12739.0,100,37,975.54
12740.0,64,27,427.6
12743.0,135,115,500.84
12744.0,57,199,8717.57
12747.0,3,84,3569.41
12748.0,1,4139,29279.34
12749.0,4,192,3962.18
12750.0,129,13,224.7
12752.0,82,48,3107.78
12753.0,23,183,20080.89
12754.0,236,63,3010.74
12755.0,281,4,3811.95
12756.0,87,4,112.07999999999998
12757.0,16,350,4003.95
12758.0,117,91,2588.39
12759.0,53,83,1243.44
12762.0,8,67,1702.52
12763.0,139,17,483.88
12764.0,317,43,1663.58
12766.0,4,296,6276.29
12769.0,239,28,1069.65
12770.0,211,11,1268.95
12772.0,60,50,673.97
12775.0,18,51,1061.64
12778.0,20,40,642.26
12779.0,38,143,3902.36
12781.0,64,21,664.58
12782.0,5,87,1662.77
12783.0,3,72,1194.59
12784.0,16,57,517.17
12785.0,365,12,236.45
12787.0,10,16,401.66
12789.0,66,2,59.900000000000006
12790.0,193,20,294.92
12791.0,374,1,177.60000000000002
12792.0,257,24,344.53999999999996
12793.0,335,22,461.48
12794.0,54,35,706.2
12795.0,19,12,303.48
12797.0,366,10,154.63
12798.0,11,8,6977.04
12802.0,187,21,341.84000000000003
12808.0,37,27,455.65000000000003
12809.0,178,23,396.81
12811.0,262,25,409.35
12812.0,45,15,229.64000000000001
12814.0,102,1,85.92
12815.0,148,36,639.36
12816.0,96,25,394.40000000000003
12817.0,282,3,126.03999999999999
12818.0,262,13,1182.0800000000002
12820.0,4,58,924.64
12821.0,215,6,92.72
12822.0,71,46,948.88
12823.0,75,5,1759.5
12824.0,60,24,386.92
12826.0,3,88,1404.22
12827.0,6,21,375.05
12828.0,3,47,914.16
12829.0,337,11,293.0
12830.0,38,38,6814.64
12831.0,263,7,150.25
12832.0,33,21,300.83
12833.0,146,22,390.95
12834.0,283,18,312.38
12836.0,60,158,2330.17
12837.0,174,12,134.1
12838.0,34,115,636.96
12839.0,3,291,5127.22
12840.0,144,107,2625.07
12841.0,5,394,3792.96
12842.0,71,32,1021.04
12843.0,66,84,1336.48
12844.0,30,46,293.12
12845.0,268,25,139.34
12847.0,23,76,773.26
12849.0,32,44,934.79
12851.0,97,48,124.81
12852.0,295,17,311.55
12853.0,135,77,1936.3
12854.0,79,94,1123.53
12855.0,373,3,38.1
12856.0,8,301,2085.43
12857.0,211,46,1106.4
12863.0,53,5,521.2
12864.0,139,3,147.12
12865.0,27,90,1490.03
12866.0,284,23,467.91999999999996
12867.0,27,502,3826.89
12868.0,186,98,1497.8200000000002
12871.0,85,9,135.84
12872.0,327,62,511.87
12873.0,283,4,374.0
12875.0,144,2,343.2300000000001
12876.0,58,73,1867.46
12877.0,4,135,1213.27
12878.0,237,42,786.79
12879.0,45,10,573.22
12881.0,276,7,298.0
12882.0,10,12,1392.24
12883.0,25,41,686.47
12884.0,89,6,288.25
12885.0,64,71,1175.22
12886.0,68,81,1360.7
12888.0,215,4,247.62
12890.0,25,80,373.32
12891.0,186,3,331.0
12893.0,31,32,179.85
12895.0,43,20,338.8
12897.0,205,4,216.5
12901.0,9,116,17654.54
12902.0,265,10,138.68
12904.0,19,67,485.15
12906.0,12,63,2919.81
12908.0,177,2,750.0
12909.0,40,79,1884.45
12910.0,24,74,3066.54
12912.0,3,24,1662.3
12913.0,5,45,2357.88
12915.0,149,16,280.2
12916.0,139,96,2530.25
12919.0,9,49,1320.19
12920.0,18,27,161.28
12921.0,10,654,14787.74
12922.0,162,25,352.88
12923.0,65,26,159.77
12924.0,89,29,925.75
12925.0,5,44,673.25
12928.0,36,75,1872.5
12929.0,312,8,117.85
12930.0,79,21,364.32
12931.0,22,82,42055.96
12933.0,25,95,551.75
12935.0,3,121,2036.0
12936.0,18,61,1061.8
12937.0,16,106,1200.59
12938.0,26,8,96.44
12939.0,65,34,8410.12
12940.0,55,90,859.74
12942.0,132,71,674.23
12944.0,36,30,604.51
12945.0,289,19,386.35
12947.0,144,93,1537.39
12948.0,17,112,2005.73
12949.0,31,207,3951.32
12950.0,3,19,1560.8
12951.0,9,59,1010.1700000000001
12952.0,6,76,1327.69
12953.0,10,13,246.15
12955.0,2,178,4697.16
12956.0,307,15,94.67
12957.0,10,225,3826.59
12962.0,8,15,251.39000000000001
12963.0,9,90,1778.48
12965.0,90,105,744.63
12966.0,10,9,141.58
12967.0,372,15,1368.4
12968.0,113,4,101.14999999999999
12970.0,8,145,400.02
12971.0,4,274,10214.4
12974.0,198,6,91.25
12976.0,212,20,712.5
12977.0,157,6,36.9
12980.0,177,6,1045.08
12981.0,30,20,372.21999999999997
12982.0,243,22,320.27
12984.0,19,4,97.5
12985.0,1,71,1160.6
12987.0,74,28,558.7
12988.0,293,64,307.47
12989.0,4,64,6924.110000000001
12990.0,32,5,123.5
12991.0,24,31,503.76
12993.0,24,24,361.81
12994.0,5,52,878.74
12995.0,86,3,211.32
12997.0,23,54,1085.17
12999.0,197,28,455.88
13000.0,107,29,481.75
13001.0,5,291,8918.18
13002.0,319,7,120.94999999999999
13003.0,106,5,131.2
13004.0,12,360,4974.99
13005.0,174,25,495.85
13006.0,57,4,81.57
13008.0,324,14,229.46999999999997
13011.0,373,1,15.0
13012.0,10,88,1644.14
13013.0,2,206,4584.72
13014.0,11,102,3264.73
13015.0,54,171,3265.73
13016.0,74,45,759.89
13017.0,8,1,204.0
13018.0,17,441,7088.8
13021.0,5,125,2441.2000000000003
13023.0,65,38,599.9
13026.0,2,32,821.4
13027.0,114,26,6912.0
13028.0,23,31,439.42
13029.0,31,9,1231.0
13030.0,12,94,752.93
13032.0,53,71,1010.18
13033.0,358,9,151.55
13034.0,55,37,642.77
13035.0,74,27,921.88
13037.0,139,46,846.57
13038.0,81,28,908.46
13040.0,9,42,661.99
13043.0,274,13,516.42
13044.0,292,33,560.47
13045.0,100,17,263.68
13046.0,31,32,594.31
13047.0,57,166,3125.79
13048.0,15,124,1665.79
13049.0,65,14,656.6800000000001
13050.0,15,367,5431.81
13052.0,213,16,278.6
13055.0,79,75,1206.61
13058.0,25,4,173.29999999999998
13059.0,250,8,183.4
13060.0,254,12,234.0
13061.0,73,10,248.61
13062.0,192,11,346.98
13064.0,13,56,843.73
13065.0,374,13,188.16
13066.0,25,45,443.81
13067.0,83,12,87.52
13069.0,1,379,4049.71
13070.0,193,6,145.6
13072.0,267,7,177.15
13075.0,130,22,919.61
13077.0,2,86,481.29
13078.0,4,338,11556.04
13079.0,5,6,220.10000000000002
13080.0,180,4,40.92
13081.0,12,943,25738.58
13082.0,127,72,3316.63
13083.0,5,18,303.75
13085.0,158,22,416.08000000000004
13089.0,3,1699,54149.93
13090.0,9,150,8843.56
13091.0,29,21,345.82
13092.0,71,23,448.07
13093.0,276,149,7084.12
13094.0,22,22,1821.1200000000001
13095.0,71,6,74.39999999999999
13097.0,33,392,5373.03
13098.0,2,557,27704.24
13099.0,100,1,207.35999999999999
13101.0,235,8,101.19
13102.0,2,299,6229.389999999999
13103.0,40,7,228.94
13104.0,4,20,1098.48
13106.0,134,1,76.5
13107.0,45,58,1531.6200000000001
13108.0,373,10,350.06
13109.0,60,44,743.98
13110.0,32,129,1309.75
13113.0,1,188,11637.86
13115.0,12,106,2040.88
13116.0,139,29,483.44
13117.0,22,59,802.63
13118.0,20,68,1124.77
13120.0,239,1,30.599999999999998
13121.0,270,47,270.38
13122.0,95,49,821.01
13124.0,90,213,3614.31
13126.0,5,116,1684.7
13127.0,78,13,226.47
13130.0,95,2,64.0
13131.0,24,43,1056.7
13132.0,262,3,77.3
13133.0,274,6,90.0
13134.0,86,82,1507.08
13135.0,197,1,3096.0
13136.0,57,119,2394.81
13137.0,11,662,3448.51
13138.0,23,63,962.39
13139.0,17,164,4667.74
13140.0,109,41,384.22
13141.0,85,125,2055.15
13142.0,20,19,250.39
13144.0,333,3,110.95
13145.0,40,6,618.52
13146.0,27,14,154.31
13147.0,11,4,712.8000000000001
13148.0,30,290,3361.57
13149.0,15,77,1572.5
13151.0,296,71,1198.02
13153.0,6,12,196.62
13155.0,34,77,898.46
13157.0,50,87,1741.22
13158.0,95,75,1124.2
13159.0,9,108,1304.31
13160.0,23,4,91.8
13161.0,314,6,71.45
13162.0,123,61,1284.02
13165.0,47,30,711.28
13166.0,284,41,417.2
13167.0,19,56,678.88
13168.0,37,107,991.28
13169.0,64,13,712.88
13170.0,27,25,94.92
13171.0,22,44,463.41
13173.0,5,31,241.22
13174.0,17,280,2549.56
13176.0,47,59,387.64
13177.0,65,17,282.45
13178.0,27,245,5377.67
13182.0,46,10,110.68
13183.0,8,89,3932.57
13184.0,15,141,1394.85
13185.0,268,1,71.4
13186.0,40,76,1534.89
13187.0,338,32,221.8
13188.0,12,2,114.60000000000001
13189.0,19,24,210.16
13192.0,96,60,868.74
13193.0,62,28,114.98
13194.0,136,3,60.7
13196.0,12,106,1717.33
13198.0,11,206,3027.86
13199.0,4,118,9802.12
13200.0,20,43,823.89
13203.0,10,51,771.95
13207.0,16,4,72.66
13208.0,60,122,994.76
13209.0,31,312,5684.59
13210.0,94,21,338.48
13211.0,11,53,1137.47
13212.0,20,125,723.63
13213.0,57,85,1455.78
13216.0,268,5,333.74
13217.0,123,4,533.98
13218.0,128,3,27.84
13220.0,79,20,808.7900000000001
13221.0,241,47,654.0
13223.0,201,4,62.4
13224.0,61,97,2001.88
13225.0,4,24,4310.320000000001
13226.0,274,10,72.16
13227.0,202,8,238.2
13229.0,226,10,160.95
13230.0,5,552,2607.55
13232.0,13,191,1247.8
13233.0,75,32,447.44
13235.0,213,54,972.6700000000001
13236.0,25,35,725.89
13238.0,18,23,536.9300000000001
13239.0,262,16,242.24
13240.0,97,57,602.23
13242.0,113,10,208.0
13243.0,204,50,485.98
13244.0,93,27,121.74000000000001
13245.0,51,16,430.5
13246.0,19,125,1785.8799999999999
13247.0,18,22,464.82000000000005
13248.0,125,22,389.65999999999997
13249.0,93,23,711.41
13253.0,157,31,933.8
13255.0,10,12,381.81
13256.0,15,1,0.0
13258.0,12,36,587.48
13259.0,62,82,261.77
13260.0,62,8,557.62
13261.0,269,9,944.1
13262.0,264,11,200.29
13263.0,2,1493,6664.58
13265.0,54,88,2025.16
13266.0,12,165,3089.84
13267.0,3,202,4331.29
13268.0,18,408,2928.03
13269.0,2,297,4985.55
13270.0,367,1,590.0
13271.0,38,84,208.5
13272.0,32,13,243.86
13273.0,114,12,117.61
13276.0,64,30,590.9300000000001
13277.0,16,8,258.4
13278.0,41,44,527.88
13279.0,79,8,135.41
13280.0,123,81,756.21
13282.0,19,36,1116.54
13283.0,60,7,93.66
13284.0,331,11,171.64
13285.0,24,181,2609.02
13291.0,156,42,361.11
13292.0,39,28,533.9399999999999
13294.0,190,49,787.14
13295.0,360,6,111.20000000000002
13296.0,138,4,76.9
13297.0,8,57,1978.49
13298.0,2,1,270.0
13299.0,269,5,142.5
13300.0,170,20,371.89
13301.0,104,62,520.77
13304.0,352,17,229.62
13305.0,5,74,1828.06
13307.0,121,1,15.0
13308.0,23,53,1370.51
13309.0,8,97,1330.06
13310.0,29,63,990.73
13311.0,5,21,519.07
13313.0,23,66,1255.02
13314.0,2,55,710.72
13316.0,38,85,5965.9800000000005
13317.0,67,120,2210.88
13318.0,2,20,640.76
13319.0,6,470,10724.2
13320.0,79,104,1522.6
13321.0,73,10,549.66
13322.0,18,20,131.86
13323.0,4,18,736.85
13324.0,37,71,6586.0
13325.0,82,12,675.3
13327.0,39,98,3196.77
13328.0,317,17,1308.48
13329.0,32,17,789.0
13330.0,93,53,1140.93
13332.0,15,20,333.05
13334.0,83,231,3036.09
13336.0,78,51,795.12
13338.0,158,18,437.02
13339.0,201,45,730.22
13340.0,46,127,10380.08
13341.0,261,41,755.95
13343.0,178,18,303.43
13344.0,68,115,2454.32
13345.0,288,19,339.5
13347.0,71,7,291.36
13348.0,65,13,223.56
13349.0,11,15,197.32
13350.0,17,35,836.82
13351.0,67,15,323.94
13352.0,61,22,328.18
13354.0,72,49,730.09
13355.0,123,30,636.2
13356.0,81,41,762.44
13357.0,258,85,597.45
13358.0,269,25,350.9
13359.0,64,22,389.56
13362.0,10,148,2744.4
13363.0,18,58,892.5
13364.0,72,9,123.36
13365.0,34,125,2174.47
13366.0,51,1,56.160000000000004
13368.0,257,28,573.4
13369.0,366,8,165.98000000000002
13370.0,372,39,754.87
13372.0,90,19,268.44
13373.0,61,150,3141.87
13375.0,89,36,761.65
13376.0,100,44,799.86
13379.0,27,94,531.11
13381.0,32,171,3605.31
13382.0,281,13,189.39
13384.0,31,149,4077.73
13385.0,330,32,494.97
13388.0,132,34,624.0
13389.0,12,47,744.65
13390.0,75,13,544.08
13391.0,204,1,59.8
13394.0,2,142,2385.11
13395.0,186,20,305.8
13396.0,30,42,1344.64
13397.0,73,36,1441.97
13398.0,193,26,457.34
13402.0,128,37,613.91
13403.0,18,3,75.0
13404.0,2,11,252.49
13405.0,205,23,526.55
13408.0,2,452,26245.7
13410.0,25,27,943.66
13411.0,108,14,152.0
13414.0,134,23,1372.65
13416.0,44,13,474.5
13417.0,5,27,609.03
13418.0,12,296,6062.34
13419.0,64,13,168.96
13420.0,150,7,149.35
13421.0,41,90,1553.53
13422.0,65,127,2626.3
13425.0,109,67,1422.3600000000001
13426.0,1,154,3562.82
13427.0,20,27,551.7
13428.0,11,69,212.21
13429.0,11,64,962.24
13430.0,19,46,660.01
13431.0,68,46,1269.1
13434.0,75,10,534.24
13435.0,6,96,3767.57
13436.0,2,12,196.89
13437.0,15,160,3307.34
13439.0,256,49,263.69
13441.0,92,13,296.64
13447.0,24,54,1061.98
13448.0,17,192,3503.67
13449.0,24,18,274.18
13450.0,27,70,2033.2199999999998
13451.0,27,402,2798.38
13452.0,260,2,590.0
13453.0,166,15,321.28
13455.0,25,42,973.9399999999999
13456.0,18,61,1733.52
13458.0,8,343,8491.86
13460.0,30,14,157.34
13461.0,39,23,1237.0
13462.0,253,9,151.5
13464.0,59,39,646.48
13466.0,185,15,272.5
13467.0,11,90,1016.0600000000001
13468.0,2,257,4833.67
13470.0,100,10,165.0
13471.0,2,249,2408.41
13473.0,61,14,307.38
13474.0,237,51,189.6
13475.0,192,73,1249.92
13476.0,179,54,1167.22
13477.0,38,77,1414.68
13479.0,201,14,281.05
13481.0,46,103,1696.46
13482.0,233,10,166.79
13483.0,66,10,140.34
13484.0,242,7,297.9
13485.0,234,23,454.24
13486.0,79,62,1014.76
13487.0,58,31,501.5
13488.0,18,400,8351.21
13489.0,106,12,427.92
13491.0,52,66,985.3100000000001
13492.0,137,50,1269.84
13493.0,276,6,498.63
13494.0,312,9,138.51
13495.0,8,42,1810.99
13496.0,11,31,606.53
13497.0,283,19,348.05
13499.0,18,40,1080.21
13500.0,24,65,1166.77
13501.0,289,48,1203.14
13502.0,17,17,274.3
13503.0,72,16,206.35
13504.0,65,21,280.93
13505.0,73,187,3225.0
13506.0,317,25,438.12
13507.0,4,149,2294.15
13508.0,244,9,100.52000000000001
13509.0,9,43,964.72
13510.0,2,106,1649.46
13512.0,261,11,182.06
13513.0,127,10,205.1
13514.0,74,3,116.80000000000001
13515.0,73,53,777.12
13516.0,22,44,1389.41
13517.0,60,121,1833.59
13518.0,86,38,659.4399999999999
13519.0,79,8,122.75
13520.0,59,80,2828.81
13521.0,2,410,1048.92
13522.0,31,5,125.80000000000001
13523.0,34,169,3866.78
13524.0,41,22,543.48
13525.0,15,5,577.9
13527.0,34,217,2225.43
13529.0,79,15,307.76
13531.0,206,16,307.9
13532.0,34,59,188.71
13533.0,183,69,247.27
13534.0,3,261,4975.4800000000005
13536.0,2,178,3439.79
13538.0,44,25,1280.85
13539.0,86,31,496.34000000000003
13544.0,40,74,242.61
13546.0,13,88,593.64
13548.0,97,107,590.42
13549.0,26,47,838.1
13551.0,320,2,56.1
13552.0,67,103,3577.77
13555.0,74,129,3992.03
13557.0,29,29,521.96
13558.0,6,162,562.14
13560.0,8,30,168.54000000000002
13561.0,216,13,60.26
13562.0,82,62,1334.71
13563.0,85,43,738.48
13564.0,355,76,1128.43
13565.0,20,36,234.37
13566.0,41,168,844.85
13568.0,174,40,174.8
13569.0,18,76,328.05
13570.0,244,24,227.96
13571.0,13,313,1908.25
13572.0,206,30,1303.75
13573.0,51,24,289.73
13575.0,24,45,714.37
13576.0,11,109,5972.72
13577.0,26,72,1401.2
13579.0,15,23,467.04
13581.0,310,7,47.2
13583.0,156,40,650.91
13584.0,307,20,79.35
13587.0,64,8,712.4
13588.0,16,168,2409.65
13589.0,15,19,364.0
13590.0,12,73,1485.24
13591.0,65,53,1026.13
13592.0,36,15,230.11
13593.0,109,113,1739.38
13594.0,53,25,394.47
13596.0,6,165,692.89
13598.0,48,38,173.93
13599.0,2,220,4486.87
13600.0,313,11,141.95
13601.0,46,84,609.75
13602.0,65,23,428.89
13603.0,27,26,161.82
13606.0,30,42,249.94
13607.0,41,91,650.23
13610.0,13,207,1035.95
13611.0,90,70,1135.59
13614.0,25,186,1556.31
13615.0,319,17,282.9
13617.0,41,41,528.48
13618.0,174,12,163.66
13621.0,117,19,213.85
13623.0,31,62,619.78
13626.0,253,19,257.23
13627.0,60,87,1576.97
13629.0,24,34,2506.36
13630.0,6,57,1576.28
13631.0,100,11,3070.42
13632.0,25,120,1778.29
13634.0,34,165,1433.78
13635.0,68,60,1020.63
13636.0,37,56,832.72
13637.0,53,92,751.69
13638.0,16,7,112.14
13639.0,75,40,1033.34
13642.0,216,64,348.09000000000003
13643.0,32,26,480.94
13644.0,17,136,2466.5
13645.0,121,5,252.1
13647.0,10,78,1660.42
13649.0,257,19,286.40000000000003
13650.0,17,91,1712.14
13651.0,40,5,79.2
13652.0,46,60,1043.38
13654.0,44,149,2414.33
13655.0,115,56,932.97
13656.0,165,45,330.45
13657.0,11,16,382.14
13658.0,10,104,2552.17
13659.0,206,91,1349.79
13662.0,86,52,885.16
13663.0,180,13,189.47
13666.0,61,11,73.75
13667.0,150,75,272.55
13668.0,3,422,5945.59
13669.0,51,9,218.55
13670.0,76,25,349.7
13672.0,302,2,60.84
13673.0,19,65,396.92
13675.0,152,21,424.24
13678.0,152,9,112.68
13680.0,2,172,2632.06
13681.0,18,50,739.0500000000001
13682.0,188,1,25.5
13684.0,286,24,44.58
13685.0,3,34,3115.4300000000003
13686.0,183,8,72.0
13689.0,64,5,731.0
13690.0,60,9,172.25
13692.0,25,52,1477.82
13694.0,4,450,52135.340000000004
13695.0,32,85,2418.03
13697.0,39,12,151.29999999999998
13699.0,156,14,308.58000000000004
13700.0,27,183,2169.94
13703.0,319,1,99.5
13704.0,6,119,2113.76
13705.0,8,28,711.86
13706.0,303,20,330.79
13707.0,268,41,671.95
13708.0,272,45,277.08
13709.0,4,314,6018.55
13710.0,32,7,160.07999999999998
13711.0,219,12,234.36
13712.0,247,10,228.84
13715.0,282,86,913.71
13716.0,270,16,112.31
13717.0,33,87,1261.57
13718.0,247,7,109.15
13719.0,16,55,937.2
13720.0,117,39,739.5
13721.0,37,25,477.14
13722.0,132,81,2256.01
13723.0,218,6,199.85000000000002
13725.0,50,95,1852.53
13726.0,39,40,1060.94
13727.0,29,20,333.48
13728.0,37,62,1000.24
13730.0,136,43,752.6
13731.0,220,31,509.46
13732.0,29,26,370.44
13735.0,25,189,2752.29
13736.0,6,167,689.66
13737.0,201,24,291.78
13739.0,19,3,216.9
13740.0,241,17,257.39
13741.0,72,29,592.63
13742.0,17,304,2940.02
13743.0,3,41,1341.6
13744.0,96,66,1115.25
13745.0,163,23,281.58
13747.0,374,1,79.6
13748.0,96,28,948.25
13750.0,54,21,1577.21
13751.0,289,7,123.30000000000001
13752.0,125,70,1079.68
13753.0,288,35,741.26
13754.0,152,11,272.4
13755.0,4,268,1838.44
13756.0,3,137,5081.820000000001
13758.0,12,112,2978.2
13759.0,34,25,659.4100000000001
13760.0,55,52,272.04
13761.0,51,69,1060.15
13762.0,219,7,306.72
13763.0,64,14,1624.96
13764.0,71,186,1354.93
13767.0,3,335,16061.710000000001
13769.0,3,125,2619.51
13771.0,65,116,2547.35
13772.0,34,169,1103.76
13774.0,82,22,345.0
13777.0,1,145,14730.24
13778.0,104,7,124.2
13780.0,8,52,342.93
13781.0,251,17,127.84
13782.0,13,102,810.42
13784.0,10,22,2072.19
13786.0,368,3,99.6
13787.0,76,31,309.04
13790.0,5,21,261.8
13791.0,128,10,1337.0
13792.0,67,13,195.55
13798.0,2,272,26986.29
13799.0,117,38,671.16
13800.0,310,32,533.12
13801.0,67,20,276.9
13802.0,139,50,3920.04
13803.0,256,16,260.47
13804.0,31,134,2585.24
13805.0,53,8,378.59999999999997
13806.0,64,10,256.38
13807.0,368,6,96.69999999999999
13808.0,6,66,1508.4
13809.0,306,10,125.55
13810.0,29,32,827.51
13811.0,184,10,519.75
13812.0,43,32,467.15
13813.0,40,56,1010.52
13814.0,93,54,1529.32
13815.0,23,162,3420.62
13816.0,24,21,394.32
13817.0,30,22,328.98
13819.0,302,34,1075.55
13821.0,145,55,369.11
13822.0,6,82,580.75
13823.0,19,37,869.46
13824.0,33,43,1593.94
13826.0,177,7,139.0
13827.0,58,87,396.46
13828.0,23,15,209.49
13831.0,17,62,1137.31
13832.0,20,3,52.199999999999996
13833.0,160,29,384.8
13835.0,26,47,721.41
13837.0,212,17,255.81
13838.0,6,158,629.92
13841.0,253,1,85.0
13842.0,59,197,3210.16
13844.0,12,20,361.62
13845.0,65,9,312.98
13846.0,25,54,849.76
13848.0,93,5,1255.0
13849.0,52,91,1400.95
13850.0,130,90,1533.08
13851.0,96,80,2616.06
13853.0,58,23,1090.14
13854.0,9,106,7962.4
13856.0,169,12,366.9
13858.0,58,11,216.17
13859.0,327,27,192.31
13860.0,2,74,1210.5
13862.0,19,134,2142.98
13863.0,248,18,285.8
13865.0,59,30,501.56
13866.0,75,7,145.67000000000002
13867.0,32,57,951.69
13868.0,8,24,3047.77
13869.0,124,287,2891.96
13870.0,3,111,2664.59
13871.0,23,310,5921.8
13873.0,120,19,331.34000000000003
13874.0,359,15,412.45000000000005
13875.0,54,93,1628.39
13876.0,64,7,122.7
13877.0,87,3,117.24
13878.0,55,36,1281.53
13880.0,22,154,3016.81
13881.0,4,175,16977.84
13882.0,3,60,1072.93
13883.0,11,142,2674.48
13884.0,8,52,684.75
13885.0,190,25,457.4
13886.0,72,15,226.95999999999998
13887.0,205,15,264.23
13888.0,120,37,557.38
13889.0,93,15,416.90000000000003
13890.0,2,102,1789.89
13892.0,27,24,590.13
13893.0,298,17,754.6999999999999
13894.0,24,23,469.92
13895.0,29,112,2414.82
13897.0,51,16,296.16
13898.0,326,11,140.93
13899.0,17,19,388.52
13900.0,184,42,723.25
13901.0,73,129,2568.88
13904.0,38,26,332.64
13908.0,80,114,2222.35
13911.0,58,132,2314.01
13914.0,12,32,611.45
13917.0,50,18,272.04
13918.0,50,30,1212.8400000000001
13919.0,60,22,306.81
13922.0,352,5,124.55
13923.0,54,20,351.13
13924.0,2,112,1766.73
13925.0,93,41,678.25
13926.0,24,9,180.8
13927.0,75,17,253.39
13928.0,11,24,407.57
13929.0,170,7,763.75
13930.0,58,17,337.34
13931.0,96,53,1137.43
13932.0,295,16,307.4
13933.0,110,23,608.7900000000001
13934.0,264,30,901.8
13936.0,180,22,318.28
13937.0,170,9,158.85
13938.0,36,7,71.66
13939.0,24,32,455.36
13940.0,18,48,824.14
13941.0,22,40,4843.68
13946.0,80,9,306.57
13947.0,66,5,90.6
13948.0,361,3,102.0
13949.0,3,153,2337.14
13950.0,12,33,645.76
13951.0,177,37,643.25
13952.0,218,117,2778.84
13953.0,8,13,3354.88
13954.0,2,23,399.92
13955.0,155,32,303.16
13956.0,6,138,969.94
13959.0,80,74,497.31
13960.0,22,12,230.22
13962.0,22,11,169.55
13963.0,309,30,540.04
13967.0,146,1,45.0
13969.0,8,588,8743.81
13971.0,19,139,2605.2000000000003
13972.0,71,14,173.65
13973.0,288,10,245.2
13974.0,50,28,413.59000000000003
13975.0,32,315,2327.91
13976.0,207,8,327.68
13978.0,15,14,195.94
13979.0,74,53,849.07
13980.0,61,11,200.14
13982.0,40,103,1474.91
13983.0,30,106,2592.93
13984.0,27,13,672.11
13985.0,5,327,6578.81
13986.0,18,13,320.46
13988.0,20,207,3740.45
13989.0,66,40,1173.92
13990.0,214,14,271.3
13991.0,13,78,846.84
13992.0,31,5,76.8
13993.0,43,107,3050.76
13994.0,4,149,2227.44
13995.0,16,85,1383.49
13999.0,11,199,3721.46
14000.0,212,9,404.06
14001.0,46,36,1665.5800000000002
14002.0,135,40,432.63
14004.0,44,168,4499.44
14005.0,10,78,2758.5
14006.0,116,30,962.19
14009.0,199,41,676.11
14012.0,278,9,263.4
14013.0,111,34,473.02
14014.0,78,28,386.5
14015.0,53,20,917.34
14016.0,162,140,3955.33
14019.0,47,66,1421.61
14020.0,17,37,591.8
14021.0,156,21,614.2
14022.0,226,24,373.1
14023.0,8,31,584.07
14024.0,122,14,286.1
14027.0,61,6,104.82
14029.0,64,13,432.26
14030.0,19,204,2091.88
14031.0,8,223,15080.72
14032.0,3,141,2942.74
14034.0,23,84,646.77
14035.0,29,52,1191.23
14036.0,285,35,568.9
14037.0,177,27,145.95000000000002
14038.0,79,84,1415.98
14039.0,34,6,152.2
14040.0,41,215,3144.85
14041.0,267,16,87.0
14044.0,27,193,582.42
14045.0,110,5,1417.1999999999998
14046.0,285,7,81.6
14047.0,9,31,1227.01
14048.0,306,70,332.78000000000003
14049.0,17,465,5516.38
14050.0,32,51,705.98
14051.0,1,183,11324.89
14052.0,20,55,222.86
14053.0,125,4,260.25
14054.0,66,6,92.46
14055.0,107,10,725.6400000000001
14056.0,2,1089,8137.2
14057.0,24,278,6175.11
14059.0,267,8,183.6
14060.0,5,194,5947.72
14062.0,10,97,8722.67
14064.0,30,71,1196.55
14066.0,267,7,152.55
14067.0,64,45,343.42
14068.0,321,21,225.45000000000002
14071.0,4,293,1372.77
14073.0,33,11,125.53999999999999
14075.0,5,43,942.26
14076.0,130,40,103.87
14077.0,41,39,490.21
14078.0,102,55,1020.6399999999999
14079.0,125,12,375.1
14080.0,33,4,45.599999999999994
14081.0,303,134,852.02
14082.0,365,29,182.25
14083.0,5,159,916.02
14085.0,3,407,4156.07
14087.0,3,59,173.75
14088.0,11,538,46767.2
14089.0,57,14,161.0
14090.0,325,1,76.32000000000001
14092.0,8,208,3899.91
14093.0,13,97,416.78
14096.0,5,4558,48391.76
14098.0,37,19,144.42
14099.0,17,222,2621.73
14100.0,138,25,191.95000000000002
14101.0,74,35,5976.79
14102.0,6,74,1338.23
14104.0,155,13,183.32
14105.0,240,74,1266.23
14107.0,52,115,2369.15
14108.0,31,32,558.4300000000001
14109.0,73,8,127.2
14110.0,4,138,5093.22
14111.0,15,10,692.85
14112.0,23,148,2657.35
14113.0,4,31,1739.72
14114.0,274,13,352.3
14116.0,20,65,1240.51
14117.0,144,3,90.0
14121.0,4,147,2578.45
14124.0,85,5,419.58000000000004
14125.0,11,159,2617.27
14126.0,8,14,670.73
14127.0,123,35,561.21
14128.0,61,44,604.8
14129.0,2,52,1123.8600000000001
14130.0,320,64,456.81
14132.0,3,196,3527.5299999999997
14133.0,130,25,540.14
14135.0,2,120,4384.91
14138.0,2,47,982.3800000000001
14139.0,47,26,415.82
14140.0,4,66,935.05
14141.0,3,40,915.13
14142.0,374,22,311.81
14143.0,134,7,115.8
14145.0,47,2,594.0
14146.0,9,204,4117.32
14147.0,79,5,483.4
14148.0,234,3,157.2
14149.0,221,22,345.4
14150.0,36,24,633.5600000000001
14152.0,76,42,522.05
14154.0,240,51,1335.12
14155.0,267,1,17.85
14156.0,10,1313,113198.66
14157.0,20,43,369.58
14158.0,41,40,497.16
14159.0,20,1060,4100.39
14161.0,216,99,1004.17
14162.0,174,24,271.96
14163.0,88,38,1456.8899999999999
14164.0,71,28,1616.77
14165.0,276,20,104.01
14167.0,40,22,129.94
14171.0,99,50,310.62
14173.0,11,27,407.94
14174.0,34,22,125.21000000000001
14175.0,60,140,3099.2
14176.0,298,26,455.70000000000005
14177.0,87,36,533.56
14178.0,9,315,1571.54
14179.0,41,159,692.28
14180.0,11,211,4239.92
14184.0,67,24,452.89
14185.0,332,3,197.65
14188.0,31,59,1817.66
14189.0,3,251,4367.34
14191.0,2,222,3746.66
14193.0,68,37,778.39
14194.0,5,546,10740.14
14195.0,202,6,767.2
14196.0,107,5,172.32
14198.0,19,35,640.55
14199.0,219,2,185.39999999999998
14201.0,61,33,700.28
14204.0,3,40,145.83
14205.0,17,22,429.9
14206.0,240,20,328.15999999999997
14208.0,95,9,141.24
14209.0,11,78,1643.53
14210.0,106,87,1676.47
14211.0,54,104,2056.9
14212.0,90,9,1070.48
14214.0,31,56,807.88
14215.0,12,102,1716.16
14216.0,4,54,1695.0
14217.0,2,92,1868.58
14218.0,43,7,103.06
14219.0,5,6,86.46000000000001
14220.0,248,20,617.4
14221.0,43,182,3077.5
14222.0,178,36,604.97
14223.0,93,58,973.01
14224.0,111,113,1034.68
14226.0,29,66,2215.19
14227.0,27,160,3038.06
14229.0,52,40,1547.2
14231.0,184,46,788.51
14232.0,43,102,1866.66
14233.0,50,35,1462.72
14234.0,23,134,736.38
14235.0,76,73,2537.86
14236.0,81,13,477.41999999999996
14237.0,374,9,161.0
14238.0,327,7,138.15
14239.0,44,99,2120.25
14240.0,31,39,821.64
14241.0,184,10,213.70000000000002
14242.0,235,12,204.85
14243.0,9,125,2317.76
14245.0,220,99,1554.07
14246.0,111,75,1474.06
14247.0,279,16,95.02
14248.0,319,8,302.58
14250.0,8,111,1904.05
14251.0,2,78,2879.7000000000003
14256.0,261,52,949.16
14257.0,65,100,3010.07
14258.0,10,86,8497.5
14259.0,142,3,89.1
14261.0,51,49,1132.05
14262.0,9,143,2618.23
14264.0,155,17,333.97
14265.0,110,28,465.68
14267.0,163,52,1463.1399999999999
14270.0,332,29,492.65000000000003
14271.0,226,7,81.78
14272.0,74,25,368.92
14273.0,52,20,381.52
14276.0,99,59,1039.14
14277.0,16,211,3928.7
14280.0,197,7,129.0
14282.0,4,142,3166.12
14284.0,31,28,530.3
14285.0,22,26,1904.1100000000001
14286.0,24,264,4435.61
14287.0,9,9,176.63
14288.0,214,16,426.6
14289.0,9,44,872.5600000000001
14290.0,12,93,2096.64
14291.0,2,237,3883.25
14292.0,8,94,3327.53
14293.0,4,57,954.96
14295.0,41,5,166.20000000000002
14297.0,18,60,1271.33
14298.0,9,1351,42865.3
14299.0,9,137,3809.62
14300.0,19,3,43.2
14301.0,118,13,640.14
14304.0,223,17,383.45
14305.0,72,100,1766.26
14306.0,52,33,2093.32
14307.0,89,169,2811.22
14309.0,9,113,2324.09
14311.0,243,18,279.81
14312.0,47,81,1506.19
14314.0,107,8,120.0
14315.0,45,87,2168.83
14317.0,65,24,508.58000000000004
14320.0,207,27,386.94
14321.0,11,114,1400.07
14323.0,115,35,598.34
14326.0,243,6,149.85
14327.0,164,11,240.85
14329.0,18,252,4855.74
14331.0,125,28,462.65999999999997
14332.0,23,24,842.46
14333.0,68,15,415.2
14334.0,17,149,2368.23
14335.0,17,58,439.78
14336.0,17,83,1509.89
14338.0,162,29,562.12
14339.0,243,14,309.52
14340.0,219,6,134.7
14341.0,46,121,2043.75
14342.0,22,21,668.5600000000001
14344.0,128,55,620.9
14345.0,39,5,91.97999999999999
14346.0,121,43,758.12
14348.0,261,18,409.57
14349.0,11,29,121.45
14350.0,275,13,191.67
14351.0,165,1,51.0
14352.0,158,43,983.5600000000001
14353.0,216,6,90.6
14354.0,6,7,145.74
14355.0,366,11,174.4
14356.0,80,32,685.63
14357.0,44,39,215.63
14359.0,20,54,897.18
14360.0,32,118,2128.23
14362.0,23,41,161.2
14364.0,109,64,3323.1
14367.0,9,485,8349.09
14368.0,320,8,155.0
14371.0,296,4,100.5
14373.0,359,4,76.55
14375.0,186,61,218.27
14377.0,192,10,581.65
14379.0,45,35,257.15
14381.0,53,52,186.33
14382.0,27,112,525.14
14383.0,39,54,1170.41
14385.0,10,13,192.75
14386.0,297,7,142.4
14387.0,33,116,1483.23
14388.0,11,175,2992.18
14389.0,66,40,877.06
14390.0,11,238,3939.61
14393.0,219,5,67.95
14395.0,3,326,3292.9700000000003
14396.0,66,69,443.84
14397.0,3,87,2612.96
14400.0,150,25,574.7
14401.0,5,151,3493.62
14403.0,131,18,1305.35
14404.0,34,99,1377.99
14406.0,120,6,118.25
14407.0,108,65,1977.8500000000001
14408.0,11,102,2561.56
14409.0,72,41,1746.75
14410.0,93,182,1005.13
14411.0,311,14,1063.0
14412.0,43,41,729.9499999999999
14413.0,363,23,122.7
14414.0,92,68,1045.52
14415.0,2,543,5359.61
14416.0,23,14,490.22
14418.0,4,117,1826.28
14419.0,11,199,997.01
14420.0,100,29,387.52
14421.0,58,25,715.01
14422.0,1,201,3888.92
14423.0,219,2,102.0
14424.0,18,1,322.08
14426.0,24,213,4346.39
14427.0,51,17,363.34000000000003
14428.0,8,137,1183.94
14431.0,303,17,470.36
14432.0,10,304,1703.95
14434.0,22,12,1372.8
14436.0,99,6,66.5
14437.0,366,5,63.0
14438.0,307,8,112.4
14439.0,320,31,2525.4
14440.0,9,41,1805.48
14441.0,1,47,1571.0900000000001
14442.0,205,62,1579.32
14443.0,54,90,1379.4
14446.0,1,257,920.09
14447.0,19,61,1003.9300000000001
14448.0,365,15,62.55
14449.0,19,229,840.25
14450.0,181,38,453.13
14451.0,61,99,603.87
14452.0,11,55,229.12
14453.0,191,17,106.76
14456.0,6,865,2789.56
14457.0,311,4,113.64
14459.0,156,35,1759.92
14460.0,111,12,299.46
14461.0,149,158,1770.85
14462.0,67,217,1843.86
14463.0,99,5,351.12
14465.0,247,114,602.66
14466.0,30,67,2067.6
14467.0,18,88,576.0600000000001
14470.0,12,35,399.39
14472.0,104,245,1754.99
14473.0,75,7,234.34000000000003
14474.0,47,29,547.66
14475.0,72,34,761.35
14476.0,258,17,180.55
14477.0,20,6,607.6
14479.0,254,17,298.55
14480.0,12,13,279.05
14481.0,165,28,609.99
14482.0,19,124,1330.79
14483.0,282,9,137.1
14484.0,51,14,321.92
14485.0,39,47,165.75
14487.0,27,124,1119.85
14488.0,68,44,1034.28
14489.0,208,27,400.98
14491.0,176,16,325.93
14493.0,8,108,2163.15
14494.0,26,7,139.56
14495.0,51,5,103.0
14496.0,312,19,538.8100000000001
14497.0,310,28,459.77
14498.0,43,184,1894.5
14499.0,27,181,732.72
14500.0,89,7,356.85
14501.0,184,9,241.13
14502.0,20,555,2263.83
14503.0,4,154,3353.12
14504.0,48,91,564.18
14505.0,18,704,5130.5
14506.0,18,291,1841.18
14507.0,24,88,1251.33
14508.0,23,54,258.44
14511.0,12,67,1303.21
14512.0,188,22,269.48
14513.0,101,11,373.99
14514.0,62,59,844.65
14515.0,18,92,1992.86
14517.0,34,16,300.25
14518.0,65,16,174.37
14520.0,2,2,43.2
14522.0,25,14,894.24
14523.0,109,8,138.91
14524.0,32,182,1686.53
14525.0,20,268,3323.59
14527.0,3,880,7791.65
14528.0,38,18,364.21999999999997
14529.0,61,222,591.58
14530.0,26,199,2698.16
14532.0,237,58,832.0500000000001
14533.0,25,61,1933.92
14534.0,3,462,4107.57
14535.0,61,306,2652.38
14536.0,260,17,164.15
14537.0,58,10,355.56
14538.0,65,18,335.15
14539.0,16,32,537.48
14540.0,10,74,962.0600000000001
14541.0,169,89,827.7
14542.0,186,5,103.25
14543.0,29,61,3419.88
14544.0,25,111,2010.65
14546.0,6,363,2307.41
14547.0,4,316,3587.79
14548.0,151,2,163.2
14549.0,312,49,248.89000000000001
14550.0,11,46,740.4200000000001
14551.0,19,10,186.23
14552.0,152,54,152.57
14553.0,20,110,828.62
14554.0,11,202,2281.03
14555.0,58,18,257.39
14557.0,86,16,788.38
14560.0,8,70,2186.47
14561.0,76,64,1021.76
14562.0,4,408,4863.57
14565.0,96,114,2674.07
14566.0,111,2,716.0
14567.0,57,32,1494.96
14569.0,2,10,218.99
14570.0,281,17,82.47
14572.0,4,242,2577.45
14573.0,180,214,1577.74
14576.0,373,1,35.400000000000006
14577.0,13,117,804.47
14578.0,4,20,129.21
14581.0,17,17,138.6
14582.0,41,6,114.11
14583.0,6,280,868.03
14584.0,170,98,1027.51
14585.0,51,29,157.05
14586.0,277,15,192.0
14587.0,19,320,1313.6
14589.0,372,3,39.75
14591.0,16,183,1258.97
14592.0,36,146,519.5
14593.0,22,138,520.0
14594.0,8,49,362.38
14595.0,20,95,1610.16
14597.0,12,53,805.8
14598.0,45,47,201.10999999999999
14600.0,306,23,358.63
14601.0,11,5,177.0
14603.0,275,2,660.0
14606.0,2,2347,10562.49
14607.0,16,73,14154.5
14608.0,5,17,1588.15
14609.0,73,4,601.56
14616.0,243,3,406.08000000000004
14618.0,10,16,553.44
14619.0,246,20,394.44
14620.0,206,20,338.85
14621.0,2,88,1691.48
14622.0,185,15,239.28
14623.0,33,115,779.67
14624.0,58,13,225.85
14625.0,197,53,899.63
14626.0,24,113,2512.77
14628.0,92,19,519.5600000000001
14629.0,5,150,947.26
14631.0,51,37,972.26
14632.0,263,8,114.56
14633.0,267,15,272.90000000000003
14636.0,37,26,572.6500000000001
14638.0,51,16,443.6
14639.0,53,171,2968.59
14640.0,25,99,2038.13
14641.0,22,7,110.46
14642.0,59,2,96.12
14643.0,171,24,592.0500000000001
14644.0,68,26,830.76
14645.0,157,26,512.02
14646.0,2,1991,265106.92
14647.0,202,30,243.22
14649.0,5,161,755.02
14651.0,68,96,630.98
14652.0,78,19,77.37
14653.0,2,229,1835.7
14655.0,9,44,1702.68
14656.0,170,74,263.9
14657.0,18,113,778.73
14658.0,6,25,199.69
14659.0,9,228,2217.14
14660.0,87,28,275.08
14661.0,27,3,97.75
14662.0,29,163,744.28
14664.0,20,85,589.87
14665.0,61,81,1616.24
14666.0,25,11,141.7
14667.0,11,497,7940.99
14669.0,242,153,1167.16
14670.0,281,114,346.71
14672.0,235,58,700.15
14673.0,4,73,1725.0
14675.0,17,91,571.14
14676.0,32,42,2548.2400000000002
14680.0,26,215,21379.74
14681.0,72,7,498.95
14682.0,188,2,52.0
14684.0,26,391,1146.54
14687.0,107,14,508.38
14688.0,8,292,5075.93
14689.0,209,10,96.15
14690.0,45,43,326.05
14691.0,31,71,2114.33
14692.0,138,67,582.7
14693.0,265,6,152.25
14696.0,5,105,1731.29
14697.0,219,11,78.8
14698.0,2,198,1194.53
14699.0,215,8,109.13000000000001
14700.0,33,113,2202.02
14701.0,11,314,2463.4500000000003
14702.0,2,332,3208.94
14703.0,15,22,318.17
14704.0,20,393,1455.9
14708.0,3,28,1126.37
14709.0,16,176,4267.14
14710.0,15,132,592.52
14711.0,11,326,2722.89
14712.0,30,18,854.19
14713.0,10,308,2489.7799999999997
14714.0,25,10,160.19
14715.0,25,65,769.03
14716.0,44,49,294.24
14719.0,2,224,1559.28
14720.0,6,36,656.01
14722.0,148,28,182.02
14723.0,11,237,935.25
14725.0,25,43,621.73
14727.0,275,10,268.58
14729.0,374,67,296.9
14730.0,2,464,1840.48
14731.0,48,29,226.26
14732.0,9,139,2606.85
14733.0,17,176,8735.11
14735.0,4,185,5746.49
14737.0,4,16,1139.55
14738.0,43,48,1205.8500000000001
14739.0,5,54,3797.28
14740.0,198,83,1331.51
14741.0,12,54,1309.14
14744.0,17,25,1074.78
14745.0,113,64,1145.36
14747.0,250,17,310.5
14748.0,30,83,1328.5
14752.0,44,5,389.64
14753.0,88,26,484.65000000000003
14754.0,45,41,638.05
14755.0,10,224,4738.88
14756.0,16,38,738.96
14757.0,76,18,402.8
14758.0,145,70,1465.46
14759.0,5,99,1575.62
14760.0,298,5,89.2
14761.0,59,10,236.10000000000002
14762.0,264,20,290.02
14764.0,47,4,218.3
14765.0,30,38,243.61
14766.0,9,121,2195.71
14768.0,18,5,192.60000000000002
14769.0,3,1016,10179.09
14770.0,233,48,787.92
14772.0,113,9,139.26
14775.0,59,57,971.8199999999999
14776.0,52,117,2538.3
14778.0,128,34,713.16
14779.0,281,37,366.15
14780.0,55,25,417.52000000000004
14782.0,320,6,200.10000000000002
14784.0,27,11,184.88
14785.0,11,2,47.400000000000006
14788.0,8,30,679.4399999999999
14789.0,29,5,166.44
14790.0,17,42,697.48
14792.0,64,1,4.25
14793.0,22,14,228.99
14794.0,3,68,1195.29
14795.0,167,6,131.45000000000002
14796.0,2,1015,7149.81
14798.0,53,11,156.04
14799.0,52,9,87.98
14800.0,48,361,4157.76
14801.0,62,34,92.45
14803.0,163,32,799.18
14804.0,9,9,274.97
14805.0,16,47,554.65
14806.0,76,9,152.89
14808.0,40,214,2514.4
14810.0,41,222,1791.5
14813.0,370,24,139.33
14815.0,37,44,638.6999999999999
14816.0,198,4,271.85
14817.0,201,51,844.06
14818.0,74,45,634.2
14819.0,65,10,218.97
14820.0,22,29,507.29
14821.0,367,2,48.800000000000004
14823.0,181,64,304.68
14824.0,11,25,898.9100000000001
14825.0,4,109,2037.3500000000001
14828.0,197,17,2139.76
14829.0,30,38,632.9
14830.0,54,36,170.48
14834.0,18,66,1707.9
14836.0,11,6,102.44999999999999
14837.0,90,104,1616.74
14840.0,268,4,62.85
14841.0,54,126,2951.46
14842.0,44,144,2814.4900000000002
14844.0,64,116,2171.95
14847.0,149,11,235.5
14849.0,22,380,7797.06
14850.0,312,21,325.75
14851.0,24,25,475.77
14852.0,59,126,2481.84
14853.0,25,9,475.8
14854.0,79,118,2581.47
14855.0,120,20,645.65
14856.0,37,65,1304.6599999999999
14857.0,60,60,1173.12
14859.0,13,55,1249.74
14860.0,20,11,170.32
14861.0,53,5,116.67
14862.0,26,48,841.1999999999999
14863.0,30,11,266.76
14865.0,373,3,37.2
14866.0,11,95,13983.25
14867.0,186,30,617.7
14868.0,4,144,2953.59
14869.0,9,65,687.54
14870.0,262,13,327.25
14871.0,4,92,504.8
14873.0,211,28,519.68
14875.0,108,45,1304.72
14878.0,13,112,1366.54
14880.0,78,46,690.59
14881.0,20,16,248.44
14882.0,27,11,589.7
14883.0,19,48,711.73
14885.0,132,15,765.3199999999999
14886.0,253,18,364.8
14887.0,80,3,788.0
14888.0,208,20,369.2
14889.0,337,8,110.7
14890.0,254,6,105.9
14891.0,149,32,533.5799999999999
14893.0,10,60,1036.32
14894.0,86,21,606.75
14895.0,8,487,10911.16
14896.0,205,41,462.01
14897.0,8,53,1321.38
14898.0,24,104,1167.82
14901.0,12,96,1421.29
14902.0,26,18,299.46
14903.0,22,330,2667.36
14904.0,3,64,983.76
14905.0,158,13,402.15
14907.0,4,155,3278.3
14908.0,75,9,277.8
14910.0,3,27,393.45
14911.0,2,5109,125544.35
14912.0,17,21,562.5699999999999
14913.0,36,77,1139.53
14915.0,92,9,261.52
14916.0,71,75,1218.18
14918.0,116,36,1285.55
14920.0,213,54,927.67
14921.0,31,70,1195.71
14923.0,51,43,729.2
14924.0,246,9,301.3
14929.0,33,11,223.88
14930.0,109,123,2263.96
14931.0,5,36,830.6800000000001
14932.0,366,16,313.53
14934.0,82,86,1875.94
14935.0,298,10,1784.71
14936.0,34,338,7548.47
14937.0,57,32,1374.08
14944.0,30,156,5438.85
14946.0,15,3,100.9
14947.0,73,12,269.22
14948.0,24,59,1035.97
14950.0,20,18,335.8
14951.0,80,14,237.41
14952.0,60,126,7434.13
14953.0,26,46,250.91
14954.0,13,79,320.84
14957.0,254,11,56.75
14958.0,148,40,485.88
14959.0,65,58,686.92
14960.0,9,26,153.77
14961.0,11,308,6964.03
14962.0,271,5,126.7
14963.0,10,184,1342.39
14964.0,248,12,196.26
14965.0,97,75,531.33
14966.0,15,34,164.75
14967.0,50,5,343.8
14968.0,31,35,134.59
14970.0,69,32,1568.26
14971.0,36,138,1034.06
14972.0,129,16,109.76
14973.0,108,32,1314.45
14974.0,38,19,105.98
14975.0,58,11,279.94
14976.0,58,67,762.76
14978.0,73,183,1689.47
14981.0,247,8,102.12
14984.0,20,37,191.17
14985.0,199,81,277.83
14987.0,16,2,163.2
14988.0,212,33,280.34000000000003
14995.0,39,35,117.88
14997.0,47,22,443.0
14998.0,171,69,407.68
15000.0,48,71,450.07
15002.0,116,104,1411.41
15004.0,148,149,1205.18
15005.0,16,973,5513.36
15006.0,52,123,421.67
15007.0,160,12,156.91
15009.0,13,174,1241.29
15010.0,36,20,308.94
15012.0,54,109,347.11
15014.0,44,34,254.32
15016.0,173,16,141.74
15017.0,34,20,125.58
15018.0,39,25,420.66
15019.0,267,57,226.62
15021.0,9,412,1729.6200000000001
15022.0,12,127,852.19
15023.0,4,515,6053.2300000000005
15024.0,10,147,1574.93
15025.0,34,67,348.51
15026.0,81,53,400.76
15027.0,31,34,1045.75
15028.0,9,43,605.3100000000001
15030.0,72,6,423.48
15031.0,5,103,608.74
15032.0,257,45,3780.7
15033.0,5,488,2510.2
15034.0,16,380,4170.17
15035.0,90,25,203.41
15036.0,73,118,394.45
15038.0,59,99,515.11
15039.0,10,1309,17400.170000000002
15041.0,171,61,166.03
15042.0,200,5,135.93
15043.0,32,3,537.0
15044.0,20,412,6913.83
15045.0,152,11,712.26
15046.0,10,192,4932.2699999999995
15047.0,270,22,343.62
15048.0,66,87,355.79
15049.0,274,3,121.17000000000002
15050.0,26,74,1664.79
15051.0,24,123,1288.83
15052.0,320,28,129.98
15053.0,5,69,696.29
15054.0,13,101,279.82
15057.0,276,25,1489.5
15058.0,26,258,2014.74
15059.0,41,215,1236.97
15060.0,9,100,276.85
15061.0,4,385,53771.76
15062.0,72,47,795.16
15063.0,214,5,370.79999999999995
15065.0,38,151,3072.23
15066.0,54,42,893.59
15067.0,79,81,1729.16
15068.0,47,100,527.71
15069.0,180,48,764.28
15070.0,373,1,106.2
15071.0,94,25,965.07
15073.0,10,52,1007.71
15074.0,106,42,748.87
15075.0,78,26,758.03
15076.0,173,48,864.25
15078.0,8,396,8408.92
15079.0,213,46,814.01
15081.0,23,16,241.6
15083.0,257,3,62.699999999999996
15087.0,282,15,306.94
15088.0,22,54,1094.02
15089.0,11,118,2067.43
15090.0,309,23,381.32
15091.0,68,29,459.90999999999997
15092.0,216,25,438.01
15093.0,19,107,4576.86
15095.0,104,47,1370.6
15096.0,43,10,201.54
15097.0,5,24,243.52
15098.0,183,3,39916.5
15099.0,85,15,245.93
15100.0,334,3,876.0
15101.0,9,6,259.0
15103.0,32,29,619.96
15104.0,197,65,971.01
15105.0,19,96,2227.83
15106.0,18,95,1350.06
15107.0,312,14,269.15
15108.0,142,53,999.85
15109.0,246,24,418.55
15110.0,24,32,756.4
15111.0,30,82,1535.48
15113.0,10,95,3267.48
15114.0,31,194,2721.02
15115.0,19,20,322.40999999999997
15116.0,18,42,1287.95
15117.0,15,74,1458.08
15118.0,135,1,244.8
15119.0,246,12,213.85
15120.0,134,18,291.37
15121.0,51,27,446.32
15122.0,115,78,1433.58
15123.0,8,101,2120.41
15124.0,23,14,167.59
15125.0,26,125,11170.48
15127.0,66,16,406.53
15128.0,61,84,1295.62
15129.0,51,82,3358.9
15130.0,170,20,294.41
15132.0,19,49,908.23
15133.0,128,20,574.72
15134.0,15,68,1246.39
15135.0,240,8,127.35
15136.0,3,65,1227.4
15139.0,240,13,178.96
15140.0,53,77,2258.25
15142.0,47,25,483.74
15143.0,226,14,259.45
15144.0,9,204,6196.24
15145.0,5,66,1178.13
15146.0,165,87,1255.76
15147.0,241,28,623.5
15148.0,11,19,286.29
15149.0,134,22,503.1
15150.0,18,320,4997.03
15152.0,10,259,4584.79
15153.0,32,14,226.5
15154.0,76,71,261.54
15156.0,2,54,951.41
15157.0,4,108,1705.37
15158.0,46,7,401.40000000000003
15159.0,2,614,16936.010000000002
15160.0,358,3,132.96
15163.0,19,28,292.62
15164.0,69,100,822.5
15165.0,374,24,441.0
15167.0,321,39,157.3
15168.0,26,5,106.56
15171.0,332,4,1102.0
15172.0,9,102,1505.27
15174.0,323,9,119.2
15175.0,72,20,200.14
15178.0,261,2,21.0
15179.0,19,88,2115.65
15180.0,368,6,87.5
15181.0,67,16,689.4799999999999
15182.0,155,25,516.3
15184.0,30,55,330.08
15185.0,71,13,165.08
15186.0,15,17,359.01
15187.0,2,88,4711.78
15189.0,2,206,15638.59
15192.0,120,39,772.86
15193.0,61,19,499.32
15194.0,4,277,6788.54
15195.0,3,1,3861.0
15197.0,11,31,660.21
15198.0,93,9,184.16
15199.0,60,6,908.9999999999999
15201.0,88,61,1052.24
15203.0,26,131,1670.92
15204.0,358,9,316.58
15205.0,86,32,604.1899999999999
15206.0,11,9,420.29999999999995
15208.0,2,41,853.62
15210.0,226,20,331.18
15211.0,61,45,784.01
15212.0,242,5,101.8
15213.0,319,22,298.35
15214.0,2,97,1491.58
15215.0,47,34,717.94
15216.0,88,2,96.6
15218.0,11,132,3629.85
15219.0,177,4,242.00000000000003
15220.0,52,111,1691.66
15221.0,367,5,403.25
15222.0,319,5,585.0
15223.0,226,20,755.75
15224.0,359,12,280.98
15225.0,235,22,374.0
15226.0,311,8,154.41
15227.0,37,57,1208.9
15228.0,67,121,3281.71
15230.0,241,20,342.0
15232.0,114,27,492.06
15234.0,277,11,157.88
15235.0,218,122,1970.06
15236.0,299,14,310.55
15237.0,2,94,1346.56
15238.0,30,48,1042.53
15239.0,11,46,716.99
15240.0,45,71,1589.48
15241.0,67,104,1716.12
15243.0,75,18,250.78
15244.0,66,32,525.37
15245.0,135,84,2414.84
15246.0,239,31,473.95
15247.0,123,4,239.6
15249.0,32,321,6206.1
15251.0,10,111,10484.99
15252.0,37,38,600.68
15253.0,17,50,849.6
15254.0,128,16,271.76
15255.0,67,46,880.35
15256.0,149,6,98.45
15257.0,284,6,283.25
15258.0,169,33,608.16
15260.0,101,73,1700.67
15261.0,136,18,239.22
15262.0,324,9,161.25
15263.0,107,7,80.31
15264.0,65,22,372.94
15265.0,152,81,1494.72
15266.0,339,6,119.3
15267.0,23,11,1717.36
15269.0,24,2,408.8
15270.0,16,31,1345.69
15271.0,8,260,2349.41
15272.0,58,53,645.45
15274.0,5,47,716.57
15275.0,38,40,605.0600000000001
15276.0,67,52,135.31
15277.0,47,12,255.89999999999998
15279.0,355,9,153.10999999999999
15280.0,173,13,106.97
15281.0,59,128,2159.54
15286.0,50,2,174.15
15287.0,23,15,382.44
15288.0,44,88,2306.52
15289.0,30,52,878.1
15290.0,5,202,7903.62
15291.0,26,97,4515.4
15292.0,202,25,180.94
15296.0,51,161,3126.18
15297.0,11,37,611.94
15298.0,3,183,4632.8
15299.0,68,6,3907.01
15300.0,65,28,496.44
15301.0,51,230,4792.55
15303.0,291,30,538.62
15304.0,61,23,694.4000000000001
15306.0,65,57,1154.45
15307.0,96,8,131.9
15308.0,275,18,292.77
15311.0,1,2044,51430.1
15312.0,76,38,667.95
15314.0,200,22,290.17
15315.0,65,35,540.74
15316.0,327,1,165.0
15318.0,4,33,312.62
15319.0,284,15,194.0
15320.0,45,33,246.73
15321.0,71,95,2748.31
15322.0,86,37,616.22
15325.0,104,42,150.76
15326.0,334,24,270.22
15327.0,53,10,208.75
15329.0,40,54,998.9
15330.0,33,8,509.03999999999996
15332.0,367,31,1439.06
15333.0,209,16,1028.56
15334.0,157,96,344.66
15335.0,54,35,171.47
15339.0,67,75,518.57
15341.0,81,16,1841.52
15342.0,130,22,373.33
15343.0,88,20,358.7
15344.0,1,26,563.94
15345.0,46,19,375.84000000000003
15346.0,333,16,232.67000000000002
15347.0,367,5,201.60000000000002
15348.0,73,9,158.04
15349.0,159,64,436.06
15350.0,374,5,115.65
15351.0,13,212,1792.06
15353.0,255,61,753.22
15355.0,30,7,140.20000000000002
15356.0,32,486,2556.58
15358.0,5,513,7843.17
15360.0,40,13,427.93
15361.0,362,5,358.92
15363.0,373,15,310.1
15364.0,96,29,913.19
15365.0,26,108,2235.42
15366.0,76,42,581.51
15367.0,58,88,1723.39
15368.0,22,4,446.94000000000005
15370.0,60,69,1508.18
15372.0,138,27,2007.3999999999999
15373.0,9,129,2375.92
15374.0,129,3,168.0
15376.0,41,108,1156.8
15379.0,170,177,3301.54
15380.0,9,30,1382.66
15381.0,269,7,282.29999999999995
15382.0,15,298,5863.41
15384.0,170,41,642.41
15385.0,41,10,271.28000000000003
15386.0,187,27,365.7
15388.0,271,9,130.64
15389.0,173,1,500.0
15392.0,5,76,1449.04
15393.0,17,6,95.66
15394.0,10,72,1802.44
15395.0,326,7,107.45
15396.0,113,14,288.18
15397.0,290,6,94.0
15398.0,17,70,1299.93
15399.0,2,47,785.17
15400.0,93,11,618.7
15402.0,149,32,413.03
15405.0,190,8,349.1
15406.0,32,43,449.31
15407.0,34,141,981.15
15408.0,265,33,261.28
15410.0,85,121,3416.84
15411.0,27,90,1251.09
15412.0,172,9,184.63
15414.0,10,39,774.9000000000001
15415.0,314,46,545.11
15416.0,65,180,3758.32
15417.0,86,24,430.8
15419.0,25,7,118.86
15421.0,59,47,842.36
15422.0,324,6,97.7
15423.0,39,2,43.5
15424.0,255,9,219.66
15426.0,20,259,1308.86
15427.0,34,280,1412.29
15428.0,16,5,76.08
15429.0,27,77,318.31
15432.0,24,10,171.19
15433.0,214,40,517.7
15434.0,9,50,964.2800000000001
15435.0,23,28,147.59
15436.0,13,315,1084.73
15437.0,263,38,184.75
15438.0,132,21,142.93
15440.0,55,59,372.46
15443.0,2,368,3127.82
15444.0,10,193,1267.87
15445.0,265,5,113.5
15447.0,331,9,155.17
15448.0,313,28,494.64
15449.0,27,59,959.52
15450.0,31,27,398.44
15452.0,30,51,464.38
15453.0,2,270,1329.56
15454.0,363,25,179.1
15456.0,284,48,300.96000000000004
15457.0,263,54,207.47
15458.0,26,5,108.24
15460.0,355,44,174.9
15462.0,95,11,234.6
15463.0,30,7,126.14
15464.0,339,146,1007.48
15465.0,20,96,7324.7699999999995
15466.0,86,56,327.03
15467.0,10,52,524.88
15468.0,52,24,467.51
15469.0,51,23,503.15
15471.0,3,72,382.21
15472.0,114,73,365.71
15473.0,15,11,1771.2
15475.0,78,29,454.10999999999996
15478.0,41,44,1340.12
15480.0,117,42,869.62
15482.0,16,75,8895.960000000001
15483.0,162,65,189.35999999999999
15484.0,2,183,3548.75
15485.0,31,82,2289.4
15488.0,93,2,91.32000000000001
15489.0,23,50,1134.28
15491.0,96,139,2873.02
15492.0,29,35,659.4599999999999
15493.0,33,263,1816.3500000000001
15494.0,22,117,1215.44
15497.0,18,12,1141.0
15498.0,3,464,11992.96
15500.0,9,63,1044.81
15502.0,16,196,6011.53
15503.0,363,62,120.22
15504.0,82,10,45.07
15505.0,53,73,2863.4
15506.0,23,160,970.5
15507.0,172,44,470.5
15508.0,190,84,904.51
15510.0,331,1,250.0
15511.0,12,128,805.78
15512.0,156,3,65.69999999999999
15513.0,34,303,14475.02
15514.0,13,173,4068.95
15516.0,45,15,62.43
15517.0,234,23,247.10999999999999
15518.0,65,208,1901.75
15520.0,2,18,343.5
15521.0,41,177,2690.8
15522.0,33,51,366.64
15523.0,85,6,85.03
15524.0,25,1,440.0
15525.0,3,167,804.83
15526.0,34,4,148.44
15527.0,19,153,2287.87
15528.0,255,23,152.08
15529.0,23,605,3709.38
15530.0,22,102,1378.55
15531.0,9,205,1810.7
15532.0,26,206,1416.25
15533.0,20,73,752.03
15535.0,174,55,338.55
15537.0,164,20,99.52000000000001
15539.0,8,41,538.46
15540.0,12,11,186.28
15541.0,115,23,50.400000000000006
15543.0,289,23,114.46
15544.0,10,225,2822.19
15545.0,55,76,275.57
15547.0,8,586,4291.06
15549.0,78,103,1634.53
15550.0,5,57,534.47
15551.0,37,25,408.61
15552.0,218,16,88.42
15553.0,61,53,412.88
15554.0,278,14,217.2
15555.0,13,834,4506.54
15556.0,25,28,263.90999999999997
15557.0,29,16,390.1
15561.0,12,27,800.59
15562.0,352,1,134.55
15563.0,23,101,1213.15
15565.0,51,7,156.66
15567.0,19,7,186.01
15568.0,3,50,707.29
15569.0,104,25,777.51
15570.0,8,308,4005.45
15571.0,12,55,642.11
15572.0,5,211,2511.69
15573.0,32,94,529.28
15574.0,178,157,662.18
15576.0,38,41,868.32
15577.0,152,36,226.43
15578.0,163,12,93.1
15579.0,69,44,314.99
15581.0,157,130,622.03
15582.0,25,42,649.51
15584.0,24,87,505.78000000000003
15585.0,177,27,413.52
15587.0,51,8,832.32
15589.0,256,27,441.03000000000003
15592.0,47,24,388.58
15593.0,71,5,199.8
15594.0,16,93,1606.03
15596.0,101,74,1368.69
15597.0,36,22,324.57
15598.0,54,12,202.18
15599.0,27,45,668.68
15601.0,12,384,6158.1
15602.0,9,45,1277.27
15603.0,79,2,48.480000000000004
15604.0,53,17,216.39
15605.0,37,64,1153.53
15606.0,62,71,2755.31
15607.0,337,11,100.2
15608.0,29,59,1073.78
15609.0,185,14,258.4
15610.0,52,4,70.86
15611.0,10,39,1542.25
15612.0,37,4,156.9
15615.0,11,382,9085.630000000001
15618.0,33,43,756.9499999999999
15619.0,11,3,336.40000000000003
15620.0,57,99,1533.3799999999999
15621.0,5,9,919.23
15622.0,44,175,3530.06
15623.0,142,17,269.53
15624.0,117,31,517.33
15625.0,104,64,1534.26
15626.0,75,44,613.94
15628.0,5,144,2571.44
15630.0,46,50,1075.55
15632.0,16,165,3265.33
15634.0,18,15,243.55
15636.0,90,21,547.76
15637.0,53,15,223.36
15639.0,135,24,414.82
15640.0,5,459,11492.48
15641.0,106,105,1726.98
15643.0,192,30,588.1
15644.0,167,217,770.6999999999999
15645.0,19,47,573.85
15646.0,158,31,399.44
15648.0,205,22,574.6
15649.0,337,2,816.0
15651.0,37,32,646.3
15652.0,92,19,317.94
15653.0,93,6,877.4399999999999
15654.0,10,17,656.13
15655.0,244,31,528.57
15656.0,46,46,730.8
15657.0,23,1,30.0
15658.0,191,48,1024.1000000000001
15659.0,44,10,256.95
15660.0,26,89,1580.06
15661.0,318,5,309.8
15663.0,107,8,126.24
15664.0,51,17,386.43
15665.0,169,104,2045.75
15667.0,40,13,301.32
15668.0,218,1,76.32000000000001
15669.0,41,33,684.34
15670.0,297,11,153.25
15671.0,19,73,2604.9300000000003
15673.0,89,154,2845.62
15674.0,74,104,1947.49
15675.0,82,18,271.29
15676.0,19,191,3207.41
15677.0,50,33,657.23
15678.0,53,10,248.7
15679.0,25,87,627.51
15680.0,10,75,1270.56
15681.0,26,53,1426.16
15683.0,118,10,193.75
15687.0,9,158,2842.85
15689.0,120,8,241.5
15690.0,5,16,198.84
15691.0,253,2,136.8
15692.0,29,11,173.34
15694.0,1,72,6038.4
15695.0,267,20,374.58
15696.0,34,161,2567.61
15699.0,18,16,279.65
15700.0,173,80,671.43
15701.0,3,217,1421.83
15703.0,265,5,211.5
15704.0,141,103,1973.8400000000001
15705.0,202,6,143.1
15706.0,64,53,1026.26
15707.0,36,209,919.07
15708.0,41,264,3002.04
15709.0,284,4,91.46000000000001
15712.0,10,46,966.86
15713.0,144,17,268.2
15714.0,12,30,280.98
15716.0,146,102,958.8
15717.0,235,3,68.1
15719.0,33,840,4267.85
15720.0,25,124,585.61
15721.0,12,86,492.68
15722.0,36,56,1425.16
15723.0,365,38,199.75
15724.0,202,11,218.25
15725.0,16,30,392.87
15727.0,17,291,4942.21
15729.0,213,5,85.0
15730.0,66,63,1002.48
15732.0,213,10,179.72
15733.0,283,10,162.3
15734.0,115,20,1180.75
15737.0,15,68,1148.46
15738.0,19,132,3087.7200000000003
15739.0,67,8,449.12
15740.0,50,9,154.88
15743.0,17,82,753.98
15744.0,78,3,34.8
15745.0,20,56,1014.39
15746.0,135,22,173.25
15747.0,13,86,875.92
15748.0,41,21,149.31
15749.0,236,6,28935.800000000003
15750.0,3,262,2203.22
15752.0,40,370,2356.4700000000003
15753.0,305,1,79.2
15754.0,52,26,428.57
15755.0,11,131,2227.92
15756.0,62,174,475.9
15757.0,66,45,714.42
15758.0,25,8,188.25
15759.0,219,7,253.04
15762.0,66,36,568.15
15763.0,32,54,898.07
15764.0,89,177,3236.62
15766.0,65,10,289.56
15768.0,116,25,601.63
15769.0,8,82,34571.1
15773.0,6,9,625.1800000000001
15774.0,69,20,208.1
15775.0,246,6,87.2
15776.0,134,18,241.62
15777.0,242,18,761.51
15780.0,184,27,439.58
15781.0,26,19,327.61
15782.0,10,42,2524.7400000000002
15783.0,11,14,246.3
15785.0,33,80,2183.67
15786.0,47,258,4767.7
15787.0,27,205,947.63
15789.0,359,21,300.9
15790.0,11,35,220.85
15791.0,44,71,1533.89
15793.0,15,9,720.8100000000001
15795.0,150,35,504.47
15796.0,2,122,2511.92
15797.0,114,6,1947.6000000000001
15799.0,76,88,806.95
15800.0,108,114,675.25
15801.0,47,60,1000.15
15803.0,52,8,415.82000000000005
15804.0,1,246,3960.65
15805.0,24,277,5085.56
15806.0,47,29,751.88
15807.0,51,45,846.9
15808.0,307,186,3157.62
15809.0,37,35,515.77
15810.0,79,82,1272.22
15811.0,23,118,1995.73
15812.0,108,36,1126.44
15813.0,208,38,1282.9099999999999
15814.0,17,71,1915.33
15815.0,64,43,1945.98
15819.0,50,119,1840.05
15820.0,320,14,169.29999999999998
15821.0,45,59,551.21
15822.0,4,33,885.47
15825.0,173,11,406.41999999999996
15826.0,57,64,1566.1100000000001
15827.0,74,112,1784.79
15829.0,100,38,488.46
15830.0,38,36,540.0
15831.0,59,64,677.77
15832.0,255,49,774.39
15834.0,71,251,2156.77
15835.0,45,46,874.79
15836.0,51,10,137.37
15837.0,65,24,391.98
15838.0,12,138,23868.78
15839.0,34,59,1024.65
15840.0,59,26,348.6
15841.0,73,44,1097.94
15843.0,304,6,93.45000000000002
15844.0,47,11,130.73999999999998
15845.0,18,135,3626.45
15847.0,39,22,389.27
15850.0,20,94,232.6
15852.0,187,22,160.71
15853.0,52,30,110.8
15854.0,5,106,1128.44
15855.0,137,78,682.24
15856.0,5,557,13607.390000000001
15857.0,19,13,282.0
15858.0,16,176,1280.1
15860.0,41,127,899.6800000000001
15861.0,13,494,2843.07
15862.0,9,131,751.03
15863.0,26,18,68.84
15864.0,23,20,1936.3200000000002
15865.0,41,40,895.13
15866.0,102,40,216.18
15867.0,6,392,3176.7
15869.0,278,13,142.39
15870.0,33,73,335.94
15872.0,15,118,345.64
15874.0,64,108,3937.61
15877.0,2,121,417.66
15880.0,370,88,291.08
15881.0,313,24,470.75
15882.0,199,17,349.08000000000004
15883.0,3,44,374.73
15885.0,94,16,349.35
15886.0,61,9,100.29
15888.0,81,10,162.64
15889.0,157,78,353.47
15891.0,227,41,333.71999999999997
15894.0,254,36,244.4
15895.0,150,9,33.51
15897.0,195,19,188.94
15898.0,2,72,1185.76
15899.0,369,2,33.6
15900.0,24,51,351.11
15901.0,17,107,341.26
15903.0,10,66,4046.76
15904.0,9,30,164.68
15906.0,20,148,1550.19
15907.0,4,225,848.24
15909.0,174,7,191.94
15910.0,1,253,1184.56
15912.0,179,12,189.97
15916.0,17,121,1154.08
15917.0,248,11,112.9
15918.0,191,38,329.15
15919.0,20,138,613.44
15920.0,155,51,141.56
15921.0,173,22,321.89
15922.0,374,11,369.5
15923.0,373,16,107.18
15925.0,195,12,207.15
15930.0,68,19,393.93
15932.0,5,100,2139.02
15933.0,22,69,1034.68
15935.0,240,11,108.03999999999999
15937.0,65,7,145.35
15938.0,113,17,386.88
15939.0,108,45,3261.61
15940.0,312,1,35.8
15942.0,134,14,337.44
15944.0,277,6,325.1
15945.0,366,1,167.4
15947.0,83,27,1350.24
15948.0,9,58,934.24
15949.0,17,17,339.52
15950.0,32,87,1511.8700000000001
15951.0,9,40,690.52
15952.0,34,72,716.48
15953.0,16,78,901.28
15955.0,25,177,4232.26
15957.0,32,40,401.35
15958.0,75,7,104.35
15963.0,20,27,462.96
15965.0,18,111,673.65
15967.0,24,77,382.38
15969.0,3,20,666.1
15970.0,304,6,102.3
15971.0,53,25,3162.8
15973.0,367,4,307.82000000000005
15974.0,40,155,3182.57
15975.0,85,23,356.01
15976.0,166,85,390.46999999999997
15977.0,18,59,978.23
15978.0,78,46,1039.28
15980.0,89,42,2338.86
15981.0,25,97,3408.48
15983.0,23,100,1201.52
15984.0,3,254,2629.52
15985.0,124,37,1142.42
15986.0,31,14,168.12
15987.0,13,130,1425.3100000000002
15988.0,20,27,158.03
15990.0,45,46,707.59
15992.0,4,3,41.989999999999995
15993.0,9,512,2639.05
15994.0,55,35,427.07
15996.0,89,114,942.23
15998.0,37,469,2896.16
16000.0,3,9,12393.7
16003.0,30,99,2633.57
16005.0,13,191,540.82
16006.0,212,8,101.4
16007.0,48,353,1577.98
16008.0,24,25,340.43
16009.0,23,88,977.11
16010.0,246,75,321.11
16011.0,9,206,3305.7599999999998
16012.0,36,93,1406.44
16013.0,4,128,30451.1
16014.0,38,134,629.88
16015.0,4,164,650.64
16016.0,4,218,1383.72
16017.0,48,26,184.38
16018.0,40,27,402.65000000000003
16019.0,47,135,3322.7400000000002
16020.0,17,45,835.41
16022.0,261,67,541.6800000000001
16023.0,47,92,678.26
16024.0,13,56,226.07
16025.0,30,28,439.65999999999997
16026.0,44,32,236.09
16027.0,92,15,918.72
16029.0,39,203,65153.49
16030.0,310,24,279.14
16031.0,93,86,385.91
16033.0,6,1087,8468.44
16034.0,197,19,394.8
16036.0,88,37,607.75
16037.0,270,30,563.72
16038.0,8,20,337.08
16040.0,66,60,1239.3
16041.0,31,6,3166.4
16042.0,23,71,1197.27
16043.0,38,35,664.49
16045.0,120,81,1313.2
16048.0,374,8,256.44
16049.0,41,264,888.08
16050.0,174,9,122.0
16052.0,55,33,353.21
16053.0,33,82,1474.55
16054.0,146,65,716.01
16055.0,221,8,134.8
16056.0,46,63,646.05
16057.0,17,114,2137.7200000000003
16059.0,66,166,1354.91
16062.0,10,64,1153.62
16063.0,261,23,335.32
16065.0,366,67,325.14
16066.0,17,99,1504.92
16070.0,23,30,798.5
16071.0,45,19,287.74
16072.0,289,22,569.3199999999999
16073.0,298,1,122.39999999999999
16076.0,4,128,2228.83
16078.0,284,1,79.2
16079.0,17,18,1315.1000000000001
16080.0,82,9,175.56
16081.0,57,199,2444.74
16083.0,101,26,1189.82
16084.0,300,30,315.59999999999997
16085.0,24,146,894.7
16086.0,60,30,847.29
16091.0,155,16,285.06
16092.0,115,47,757.26
16093.0,107,1,17.0
16094.0,12,62,1068.87
16096.0,265,11,281.62
16097.0,241,10,185.04999999999998
16098.0,88,65,1990.03
16099.0,51,37,669.5
16101.0,71,73,1228.3
16102.0,43,47,1612.68
16103.0,8,42,1289.1200000000001
16104.0,62,27,276.56
16105.0,249,12,326.46
16106.0,66,5,93.38
16107.0,18,27,2737.96
16108.0,85,47,827.5
16109.0,219,10,395.15999999999997
16110.0,46,343,1299.31
16112.0,144,16,195.73999999999998
16113.0,184,26,129.73
16114.0,171,8,135.75000000000003
16115.0,10,267,1625.04
16116.0,212,30,571.46
16117.0,190,25,201.03
16119.0,9,16,423.36
16120.0,60,24,1094.49
16121.0,58,201,798.03
16122.0,74,33,601.98
16123.0,52,16,307.78
16124.0,318,11,249.0
16125.0,368,11,234.45
16126.0,30,107,5822.17
16127.0,40,37,609.9
16128.0,18,89,1880.22
16131.0,52,74,3283.34
16133.0,4,319,13947.52
16134.0,22,34,597.81
16135.0,263,21,517.55
16136.0,60,36,689.48
16139.0,19,31,635.41
16140.0,66,35,725.18
16141.0,89,29,585.0
16142.0,250,35,505.34
16143.0,4,101,2170.84
16144.0,247,1,175.2
16145.0,9,207,3478.61
16146.0,158,26,641.73
16147.0,134,20,336.5
16148.0,297,1,76.32000000000001
16149.0,5,15,231.07999999999998
16150.0,43,107,1873.89
16152.0,269,29,1829.04
16153.0,50,88,1810.28
16156.0,9,126,3053.92
16157.0,16,18,656.69
16159.0,282,12,315.0
16160.0,66,20,1025.44
16161.0,2,432,5155.87
16162.0,253,2,37.4
16163.0,233,4,823.9000000000001
16164.0,18,34,822.48
16168.0,11,93,3379.6
16169.0,9,80,1741.73
16170.0,51,121,1809.1
16171.0,60,3,73.2
16172.0,96,69,1140.21
16173.0,16,81,1370.42
16174.0,127,23,1009.5500000000001
16175.0,95,49,848.89
16177.0,51,15,331.95
16178.0,139,8,197.9
16179.0,61,11,215.83
16180.0,101,153,9144.68
16181.0,74,10,284.74
16182.0,73,25,5392.65
16183.0,68,15,338.71000000000004
16184.0,65,45,1158.79
16185.0,17,30,513.8100000000001
16186.0,23,215,3963.44
16187.0,32,257,5793.78
16188.0,45,63,920.56
16189.0,16,11,215.48
16190.0,41,5,179.68
16191.0,3,130,5114.82
16193.0,237,18,304.25
16198.0,76,13,375.88
16200.0,5,169,1017.83
16201.0,4,108,1801.07
16202.0,361,17,355.07
16203.0,59,35,592.9
16204.0,24,46,312.74
16205.0,31,91,736.26
16206.0,55,54,499.01
16207.0,26,18,373.98
16208.0,45,56,589.06
16209.0,89,43,2215.64
16210.0,2,112,20567.32
16211.0,89,23,547.02
16212.0,20,41,690.34
16213.0,79,6,159.0
16214.0,171,44,1062.75
16215.0,81,14,242.35
16216.0,268,32,825.4300000000001
16217.0,236,15,304.25
16218.0,30,76,2945.16
16221.0,37,87,800.57
16222.0,319,133,818.82
16224.0,58,88,1208.33
16225.0,45,124,1037.47
16226.0,204,7,241.20000000000002
16227.0,226,4,219.42000000000002
16229.0,88,45,993.0500000000001
16230.0,190,29,429.83
16232.0,44,31,798.58
16233.0,72,22,536.6800000000001
16235.0,41,41,784.5
16236.0,79,20,432.2
16239.0,57,19,414.2
16240.0,25,130,3644.3
16241.0,10,580,2311.52
16242.0,9,283,3440.9
16243.0,34,47,386.25
16244.0,212,72,1200.3
16245.0,24,82,1288.23
16247.0,171,16,114.56
16248.0,62,7,152.94
16249.0,53,64,1703.77
16250.0,262,24,389.44
16253.0,67,115,3496.0
16255.0,17,253,2555.7400000000002
16256.0,267,13,752.4300000000001
16257.0,177,1,21.95
16258.0,46,130,5072.51
16260.0,51,15,936.7
16261.0,18,114,719.63
16265.0,10,230,4822.33
16266.0,74,60,861.47
16268.0,72,39,527.6
16270.0,354,52,1105.84
16271.0,16,122,1212.23
16272.0,117,21,346.35
16274.0,374,62,325.3
16275.0,197,32,544.87
16276.0,177,6,810.6000000000001
16278.0,101,23,566.38
16279.0,22,98,1365.48
16281.0,73,14,1252.06
16282.0,340,10,138.8
16283.0,6,149,1458.45
16284.0,32,109,823.97
16287.0,170,3,52.68
16292.0,122,16,284.4
16293.0,22,114,2171.39
16295.0,10,73,1241.03
16297.0,269,19,284.2
16298.0,23,27,598.2
16302.0,127,10,212.82
16303.0,26,157,5113.13
16305.0,139,21,340.41999999999996
16306.0,214,41,632.27
16308.0,38,4,2560.0
16309.0,107,38,533.47
16311.0,18,35,593.46
16313.0,4,15,260.47
16315.0,331,14,226.37
16316.0,65,142,2780.67
16317.0,120,67,1320.65
16318.0,36,19,328.15
16319.0,218,3,404.40000000000003
16320.0,173,55,1027.96
16321.0,73,11,355.95
16322.0,2,36,316.55
16323.0,197,1,207.50000000000003
16324.0,129,101,357.29
16325.0,47,18,594.24
16326.0,6,285,2720.01
16327.0,15,264,3309.04
16330.0,18,35,244.87
16332.0,29,135,1281.33
16333.0,8,45,26626.8
16337.0,37,10,151.05
16338.0,158,11,214.79999999999998
16339.0,285,20,109.95
16340.0,108,150,547.81
16341.0,25,73,1706.67
16342.0,76,10,201.41
16343.0,17,47,370.47999999999996
16344.0,159,2,101.10000000000001
16345.0,45,37,557.71
16347.0,12,89,854.2
16348.0,33,227,1422.11
16349.0,291,9,53.5
16350.0,22,51,1017.47
16351.0,333,7,133.5
16352.0,18,26,472.12
16353.0,4,93,6630.71
16354.0,64,39,395.8
16356.0,198,31,211.77
16357.0,34,34,658.88
16358.0,2,107,1992.1000000000001
16359.0,8,63,1708.92
16360.0,5,605,3188.48
16361.0,10,96,848.07
16362.0,33,81,734.77
16363.0,54,5,109.36000000000001
16364.0,12,53,707.04
16365.0,18,46,1460.62
16366.0,19,15,270.9
16367.0,38,117,737.96
16368.0,3,61,437.91
16369.0,19,116,1551.58
16370.0,83,197,1184.24
16372.0,34,95,363.3
16374.0,67,108,462.58
16376.0,9,118,940.81
16377.0,268,5,676.2
16378.0,248,23,362.95
16379.0,5,107,2147.32
16380.0,62,28,1762.04
16383.0,75,78,532.06
16384.0,90,30,532.0
16385.0,61,52,416.87
16386.0,29,74,260.89
16387.0,323,3,79.36
16389.0,54,34,1382.07
16392.0,270,41,203.54
16393.0,3,315,2969.29
16394.0,57,76,1455.6
16395.0,61,191,1372.66
16398.0,155,77,1639.6
16399.0,20,66,391.46
16400.0,95,29,303.93
16401.0,2,184,4065.62
16402.0,265,60,299.6
16403.0,313,8,147.6
16404.0,71,21,385.55
16405.0,303,5,167.25
16406.0,19,50,122.41
16407.0,13,161,2014.3799999999999
16409.0,37,191,1621.1200000000001
16411.0,20,44,208.4
16412.0,54,30,119.58
16413.0,57,29,240.4
16414.0,22,7,126.25
16415.0,45,48,202.42
16416.0,27,68,992.9
16418.0,45,97,645.24
16419.0,113,48,933.65
16422.0,18,324,26477.04
16423.0,25,18,346.12
16424.0,192,5,133.56
16425.0,303,20,292.2
16426.0,3,348,1743.0
16427.0,264,8,240.22
16429.0,107,1,4.95
16430.0,58,5,275.35
16431.0,214,79,580.61
16432.0,65,7,271.5
16433.0,29,17,184.26
16434.0,30,106,1473.49
16438.0,6,80,443.0
16440.0,8,272,3505.05
16441.0,68,24,381.2
16442.0,2,166,594.02
16444.0,47,70,587.99
16445.0,34,61,223.31
16446.0,1,3,168472.5
16447.0,136,34,247.01000000000002
16448.0,199,17,139.74
16449.0,198,39,697.49
16450.0,150,10,241.12
16451.0,88,13,260.25
16455.0,64,94,1758.68
16456.0,100,88,1417.25
16457.0,219,8,190.66
16458.0,3,142,2323.35
16460.0,29,122,721.82
16461.0,178,31,145.92
16462.0,74,3,136.0
16463.0,22,81,1412.44
16464.0,20,224,1240.74
16466.0,34,134,1337.06
16468.0,75,2,74.9
16469.0,24,162,582.69
16470.0,52,157,700.98
16471.0,275,10,168.15
16473.0,165,17,275.55
16474.0,8,328,1686.76
16475.0,89,22,456.7
16477.0,64,133,2246.41
16478.0,26,16,320.92
16479.0,11,34,297.08
16480.0,76,53,769.29
16482.0,16,14,167.64
16483.0,193,18,134.4
16484.0,174,25,404.3
16485.0,78,41,337.1
16488.0,34,24,377.74
16491.0,47,39,731.5
16493.0,80,50,1179.19
16494.0,297,45,748.37
16495.0,4,92,626.71
16496.0,9,94,1589.02
16497.0,50,136,2965.69
16498.0,162,15,100.97
16499.0,361,19,365.45
16500.0,5,11,400.86
16503.0,107,75,1258.23
16504.0,26,79,476.01
16505.0,32,4,777.6
16506.0,20,3,90.30000000000001
16509.0,297,13,363.7
16510.0,373,13,248.1
16511.0,22,162,902.76
16513.0,5,30,692.74
16515.0,53,111,1601.78
16516.0,31,5,86.1
16517.0,278,14,130.65
16518.0,62,34,412.54
16519.0,26,12,212.98
16520.0,187,145,995.3000000000001
16523.0,2,260,8445.04
16525.0,3,159,11007.43
16526.0,172,13,202.35999999999999
16527.0,82,10,123.96000000000001
16528.0,4,16,234.93
16529.0,191,29,425.75
16531.0,23,76,1234.69
16532.0,18,4,6748.8
16533.0,20,161,1008.74
16535.0,6,31,593.75
16536.0,111,53,520.77
16539.0,3,43,1353.41
16542.0,54,2,31.42
16545.0,165,3,339.3
16546.0,291,25,787.15
16549.0,11,923,3885.5
16550.0,109,242,2192.37
16551.0,96,28,848.95
16552.0,243,16,362.03000000000003
16553.0,164,80,5565.92
16554.0,43,51,820.1
16555.0,36,17,285.89
16556.0,67,196,3042.54
16557.0,25,10,263.25
16558.0,1,417,7784.47
16560.0,27,57,841.41
16561.0,6,29,480.82
16563.0,54,16,870.02
16565.0,365,2,155.85
16566.0,16,16,527.96
16567.0,195,28,707.05
16569.0,4,4,113.7
16570.0,16,123,3677.2
16571.0,27,77,1255.26
16572.0,128,55,956.5
16573.0,85,41,645.91
16574.0,72,28,451.44
16581.0,183,8,95.34
16582.0,114,6,313.62
16583.0,374,14,233.45
16584.0,81,28,936.08
16586.0,249,8,463.95
16587.0,233,12,214.95
16589.0,72,31,423.84000000000003
16591.0,69,10,213.5
16592.0,5,206,3952.48
16593.0,51,23,235.75
16594.0,76,50,179.53
16595.0,62,79,329.79
16596.0,16,11,232.45
16597.0,5,7,90.04
16598.0,286,9,135.15
16600.0,5,53,681.58
16601.0,41,23,193.07999999999998
16602.0,37,28,510.38
16603.0,75,33,472.07
16607.0,18,159,3189.23
16609.0,16,246,4881.93
16610.0,220,3,36.36
16611.0,187,10,129.49
16612.0,33,57,1027.06
16613.0,71,28,566.19
16614.0,183,24,473.19
16616.0,16,33,500.42
16617.0,236,4,98.75
16618.0,32,95,2612.19
16619.0,264,12,204.61
16620.0,4,7,138.66
16621.0,52,26,781.6800000000001
16623.0,246,4,111.75
16624.0,81,45,728.5
16625.0,275,19,268.88
16626.0,1,173,4305.68
16627.0,80,19,307.2
16628.0,30,113,2095.65
16629.0,74,59,367.18
16633.0,18,147,2807.5
16634.0,223,8,191.9
16637.0,33,65,1095.49
16638.0,23,77,1448.03
16639.0,32,46,1139.01
16641.0,106,12,231.10000000000002
16642.0,5,32,665.59
16643.0,246,26,469.66
16644.0,178,60,812.78
16647.0,170,13,209.38
16648.0,43,19,290.65999999999997
16650.0,72,23,502.82
16652.0,59,116,6520.53
16653.0,17,63,1119.78
16654.0,142,29,601.27
16655.0,18,255,3738.18
16656.0,23,62,5255.96
16657.0,10,196,903.49
16658.0,369,6,121.13999999999999
16659.0,190,2,39.12
16660.0,17,13,739.05
16665.0,363,9,135.39999999999998
16666.0,20,16,77.7
16667.0,69,44,496.5
16668.0,16,20,306.71999999999997
16669.0,24,140,1232.5
16670.0,31,224,3629.16
16671.0,36,3,1159.35
16672.0,3,114,8134.9400000000005
16674.0,55,95,306.92
16676.0,34,86,1485.27
16678.0,3,160,3049.6
16679.0,367,2,117.0
16680.0,44,10,183.7
16681.0,73,44,1770.34
16682.0,5,30,1028.0
16684.0,5,258,60156.6
16685.0,62,54,301.4
16686.0,48,525,2746.15
16688.0,2,59,1190.36
16689.0,76,11,351.79999999999995
16690.0,73,12,225.57999999999998
16692.0,257,2,1126.0
16693.0,69,53,450.35
16696.0,136,10,657.9000000000001
16697.0,242,19,98.0
16698.0,227,5,1998.0
16700.0,9,292,4718.75
16701.0,9,136,5052.5599999999995
16705.0,1,251,12482.99
16706.0,38,100,444.86
16708.0,46,26,641.63
16709.0,85,78,3012.17
16710.0,20,388,2401.32
16711.0,4,20,1139.83
16712.0,10,439,3609.21
16713.0,19,596,6720.14
16714.0,318,88,1101.53
16715.0,79,17,210.04
16716.0,267,2,901.2
16717.0,24,185,3536.98
16718.0,370,42,589.0
16719.0,15,175,1570.13
16720.0,27,25,151.44
16721.0,263,33,261.77
16722.0,18,205,4381.81
16723.0,92,43,589.15
16725.0,303,129,678.08
16726.0,27,173,1308.09
16727.0,365,39,242.57
16728.0,47,230,950.18
16729.0,39,572,6762.21
16730.0,53,77,673.01
16732.0,32,28,603.75
16734.0,53,50,594.41
16735.0,79,110,1931.51
16737.0,54,1,417.59999999999997
16739.0,177,13,323.0
16743.0,30,183,2207.7400000000002
16744.0,12,214,1145.59
16745.0,87,343,7002.400000000001
16746.0,5,420,6335.84
16747.0,38,42,836.06
16748.0,18,56,1172.8
16750.0,45,84,532.93
16751.0,31,25,1764.72
16752.0,373,8,194.9
16753.0,59,29,199.48000000000002
16754.0,373,2,2002.4
16755.0,115,155,1343.7
16756.0,215,12,221.70000000000002
16757.0,319,7,106.83000000000001
16758.0,66,22,369.34000000000003
16759.0,8,40,758.49
16761.0,97,13,316.62
16762.0,20,83,1340.03
16763.0,199,22,595.25
16764.0,4,646,2481.69
16765.0,295,1,34.0
16766.0,274,34,1145.6
16767.0,31,218,5508.12
16768.0,48,51,460.84000000000003
16769.0,261,37,350.89
16770.0,58,135,668.4200000000001
16771.0,34,216,1862.05
16773.0,58,10,64.59
16774.0,68,42,586.25
16775.0,11,149,1626.99
16776.0,61,75,388.09
16777.0,81,47,184.8
16778.0,75,16,245.94
16779.0,3,286,9868.39
16780.0,101,55,404.14
16781.0,373,16,293.55
16782.0,11,175,2003.1000000000001
16784.0,20,2,77.6
16788.0,124,128,437.24
16789.0,9,5,80.8
16790.0,4,88,1459.94
16791.0,30,295,1610.31
16792.0,283,10,97.75
16793.0,58,16,243.84
16794.0,2,278,1211.58
16795.0,366,59,386.81
16796.0,90,16,282.91999999999996
16800.0,12,159,1146.49
16801.0,164,68,1341.93
16803.0,66,24,332.3
16804.0,24,52,432.5
16805.0,174,78,359.26
16806.0,104,100,755.79
16807.0,143,66,1100.79
16808.0,100,22,283.38
16809.0,24,134,828.13
16810.0,193,15,309.54
16811.0,5,28,547.07
16812.0,361,13,449.35
16813.0,9,361,1403.21
16814.0,15,317,6324.4
16816.0,104,26,397.74
16817.0,3,81,1542.31
16818.0,11,178,3158.91
16820.0,96,26,497.61
16823.0,228,38,358.38
16824.0,16,26,460.64
16825.0,39,27,760.1800000000001
16826.0,52,22,341.7
16828.0,113,7,113.5
16829.0,157,11,197.22
16830.0,39,19,264.71000000000004
16832.0,185,11,182.8
16833.0,2,43,1021.63
16834.0,228,24,413.46
16835.0,129,8,139.25
16836.0,40,11,251.87
16837.0,32,158,3078.19
16838.0,198,22,530.65
16839.0,9,253,14755.07
16841.0,37,101,1598.4
16842.0,101,63,1264.19
16843.0,43,344,9372.3
16846.0,51,11,214.32
16847.0,44,12,193.44
16848.0,53,14,281.42
16849.0,187,6,94.11999999999999
16850.0,334,17,304.21000000000004
16851.0,5,20,342.45
16852.0,11,7,88.36000000000001
16855.0,24,17,280.7
16856.0,15,2,35.400000000000006
16858.0,369,10,375.69000000000005
16859.0,145,45,656.21
16861.0,60,4,131.76
16863.0,32,24,449.7
16866.0,141,11,207.73999999999998
16869.0,23,115,765.63
16871.0,23,124,2457.78
16872.0,78,7,680.02
16873.0,5,269,6908.5
16875.0,68,100,1850.23
16877.0,13,148,814.69
16878.0,85,3,13.3
16880.0,31,174,1503.6299999999999
16881.0,67,1,432.0
16882.0,67,37,678.02
16883.0,188,26,221.63
16884.0,38,26,429.84000000000003
16885.0,16,83,351.81
16887.0,36,31,129.03
16889.0,195,131,1552.77
16891.0,2,188,763.58
16892.0,2,93,480.74
16893.0,367,37,105.38
16895.0,65,66,217.46
16897.0,300,31,250.8
16898.0,27,148,478.46999999999997
16899.0,8,119,1176.41
16900.0,17,68,782.51
16902.0,117,44,1706.88
16903.0,30,59,372.82
16904.0,5,628,3408.98
16905.0,6,199,2999.78
16906.0,82,82,495.43
16907.0,30,144,945.29
16909.0,73,17,353.64
16910.0,5,501,1427.23
16912.0,29,99,2505.48
16913.0,291,7,53.44
16914.0,37,38,208.46
16915.0,10,54,454.23
16916.0,24,134,531.16
16917.0,277,9,391.52
16918.0,64,112,871.74
16919.0,157,288,2351.83
16921.0,62,49,143.58
16923.0,13,632,6952.87
16924.0,22,69,700.36
16926.0,372,14,230.25
16927.0,116,6,543.05
16928.0,81,195,2777.09
16929.0,4,59,1020.85
16930.0,27,48,333.98
16931.0,6,822,4223.67
16932.0,54,42,128.79
16933.0,2,40,511.48
16934.0,55,55,814.4300000000001
16936.0,26,53,204.57999999999998
16938.0,9,214,2438.88
16940.0,53,273,2742.39
16942.0,13,264,1809.89
16943.0,212,33,816.73
16945.0,22,220,3772.56
16947.0,236,21,406.48
16948.0,139,17,336.92
16949.0,4,53,1227.47
16950.0,57,37,893.5600000000001
16951.0,135,84,1252.55
16952.0,110,14,164.67000000000002
16954.0,1,50,2015.12
16955.0,185,21,453.27
16956.0,18,16,308.74
16957.0,240,15,401.04
16959.0,88,6,87.35000000000001
16960.0,39,98,499.52
16961.0,117,14,234.17
16963.0,188,7,110.55000000000001
16965.0,227,11,133.25
16966.0,9,28,2154.97
16967.0,190,19,298.32
16968.0,5,30,423.63
16969.0,40,40,617.71
16971.0,39,36,326.11
16976.0,268,2,251.51999999999998
16978.0,78,31,276.03000000000003
16979.0,4,82,1754.32
16980.0,256,85,1064.92
16982.0,61,22,384.06
16983.0,13,141,1853.97
16984.0,89,364,4074.51
16985.0,18,107,4081.7599999999998
16986.0,31,1,62.400000000000006
16987.0,4,123,1529.9
16988.0,6,7,126.12
16989.0,8,12,1133.25
16992.0,11,85,1496.31
16996.0,31,33,1333.0600000000002
16997.0,289,10,565.5
16998.0,150,4,295.0
16999.0,24,23,484.82
17001.0,1,157,3541.07
17002.0,86,48,1442.73
17004.0,47,44,1412.94
17006.0,5,42,754.28
17007.0,51,49,823.13
17010.0,19,11,195.36
17011.0,31,15,270.9
17014.0,9,73,585.91
17015.0,29,206,1732.2
17017.0,3,252,8694.26
17018.0,41,15,889.5
17019.0,12,213,1124.06
17022.0,32,6,50.199999999999996
17024.0,46,3,95.85
17025.0,61,8,346.37
17026.0,186,4,154.82999999999998
17027.0,79,135,812.94
17030.0,64,9,133.47
17031.0,12,21,359.55
17033.0,87,22,928.1999999999999
17034.0,17,29,730.52
17035.0,246,22,355.58
17037.0,88,74,1246.52
17038.0,31,22,112.4
17040.0,138,14,439.23
17041.0,27,60,935.62
17042.0,3,93,1005.38
17043.0,33,92,1610.06
17044.0,26,5,768.48
17045.0,114,22,339.44
17046.0,158,22,642.02
17047.0,86,60,1004.3000000000001
17048.0,118,40,849.85
17049.0,3,294,5172.62
17050.0,97,277,2864.27
17051.0,195,39,229.73
17052.0,29,87,390.66
17053.0,131,12,463.08
17054.0,29,75,1226.3
17058.0,82,61,1169.39
17059.0,30,436,2598.76
17060.0,267,5,234.24
17061.0,74,93,4778.7300000000005
17062.0,314,66,517.39
17063.0,22,69,1253.44
17064.0,59,61,849.45
17068.0,13,261,4020.82
17069.0,29,128,2390.11
17070.0,115,59,301.59
17071.0,29,133,2312.53
17073.0,18,166,1386.26
17075.0,18,59,682.21
17076.0,37,24,831.18
17078.0,37,17,293.78999999999996
17079.0,79,2,118.80000000000001
17080.0,23,8,287.62
17081.0,26,61,270.86
17082.0,34,75,1813.15
17083.0,110,42,895.28
17084.0,36,158,2904.55
17085.0,124,174,1463.73
17086.0,8,89,1771.1299999999999
17088.0,29,103,1778.16
17090.0,5,58,1790.13
17091.0,3,177,3488.71
17092.0,51,120,1735.28
17094.0,323,14,302.0
17095.0,23,59,1124.1
17096.0,16,43,948.09
17097.0,3,197,910.55
17100.0,19,62,936.92
17101.0,11,42,1621.73
17102.0,262,1,25.5
17105.0,160,82,616.58
17107.0,34,385,9452.3
17109.0,30,97,809.1800000000001
17110.0,166,12,163.29999999999998
17111.0,48,24,194.0
17114.0,6,116,745.84
17115.0,9,34,726.02
17117.0,289,9,116.19999999999999
17118.0,318,10,157.02
17119.0,4,33,569.11
17120.0,234,17,289.76
17122.0,120,7,138.32
17123.0,162,7,210.6
17124.0,186,25,223.01
17125.0,51,39,258.1
17126.0,153,224,860.58
17128.0,335,10,94.89
17131.0,6,118,2208.79
17133.0,16,25,3994.6400000000003
17134.0,107,18,305.15
17135.0,17,47,1069.53
17138.0,276,17,266.75
17139.0,16,468,10403.27
17140.0,248,20,465.32
17142.0,240,15,579.0
17144.0,2,46,950.57
17146.0,106,29,645.25
17147.0,23,75,1625.54
17148.0,52,9,124.88
17152.0,195,8,257.4
17153.0,25,13,192.98000000000002
17154.0,76,21,291.42
17155.0,18,20,251.70000000000002
17157.0,8,11,301.96
17158.0,33,65,1238.77
17159.0,22,93,1394.57
17160.0,32,222,3423.27
17162.0,29,102,1682.76
17163.0,22,5,293.1
17164.0,33,140,2410.95
17165.0,285,10,158.68
17166.0,39,12,206.34
17169.0,58,46,701.38
17171.0,290,16,224.91
17172.0,79,14,308.4
17173.0,6,82,3533.2
17174.0,218,3,40.4
17175.0,45,62,1428.69
17176.0,202,14,224.53
17179.0,179,67,433.69
17180.0,57,122,786.15
17181.0,58,23,239.92000000000002
17183.0,8,67,2966.91
17186.0,47,2,144.0
17187.0,227,10,203.95
17188.0,12,79,2389.73
17189.0,107,57,359.62
17190.0,59,16,405.71000000000004
17191.0,29,215,1804.32
17193.0,36,32,1699.3000000000002
17194.0,361,23,218.88
17197.0,30,29,1013.01
17198.0,24,83,514.67
17201.0,54,34,328.46
17203.0,36,139,3257.63
17204.0,176,53,1499.16
17205.0,54,13,384.08
17206.0,54,7,204.24
17211.0,27,192,2132.7200000000003
17212.0,254,4,226.85
17213.0,41,139,2392.38
17214.0,61,85,861.72
17217.0,235,6,101.8
17218.0,5,265,1917.83
17219.0,32,25,114.23
17220.0,25,442,3010.25
17221.0,8,58,313.59000000000003
17222.0,66,24,274.7
17223.0,311,35,345.95
17226.0,309,21,393.49
17227.0,19,47,939.32
17228.0,16,185,1525.45
17229.0,97,43,252.2
17230.0,265,66,3397.21
17231.0,13,437,2495.17
17232.0,3,36,421.52
17233.0,36,25,190.88
17234.0,183,14,149.89000000000001
17235.0,26,28,514.66
17236.0,13,104,914.1800000000001
17237.0,12,18,306.74
17238.0,3,495,3125.18
17239.0,313,14,311.7
17242.0,109,36,935.84
17243.0,2,305,6853.93
17244.0,54,24,683.3100000000001
17245.0,205,9,171.45
17247.0,16,50,244.07
17248.0,121,59,292.03000000000003
17250.0,4,51,335.97
17251.0,363,26,197.78
17252.0,187,72,289.48
17253.0,19,15,152.36
17254.0,5,95,252.3
17255.0,41,71,272.18
17256.0,108,16,240.0
17259.0,149,109,540.14
17262.0,53,11,1171.76
17263.0,209,22,57.54
17265.0,139,115,511.26
17266.0,3,77,304.74
17267.0,128,32,271.27
17268.0,108,6,763.64
17272.0,43,114,2148.63
17274.0,36,27,111.97999999999999
17277.0,228,63,962.25
17278.0,242,13,188.24
17279.0,58,7,105.42999999999999
17282.0,131,86,1620.86
17284.0,61,276,1563.5
17286.0,22,37,124.5
17287.0,27,110,989.36
17288.0,10,134,1383.5
17289.0,32,97,857.62
17290.0,4,85,474.02
17291.0,309,1,550.8000000000001
17293.0,9,119,1680.26
17295.0,29,68,554.61
17297.0,18,45,121.7
17298.0,102,21,291.33
17299.0,12,52,588.91
17301.0,22,64,196.23
17302.0,15,77,1115.03
17303.0,362,46,232.59
17306.0,11,66,8631.31
17309.0,96,12,82.75
17311.0,79,55,1384.85
17312.0,139,14,644.3
17313.0,32,20,2151.42
17314.0,25,121,2296.59
17315.0,2,417,5781.98
17317.0,47,9,2600.34
17320.0,101,70,1125.47
17321.0,9,105,695.01
17323.0,16,178,853.49
17324.0,18,48,882.23
17325.0,281,6,96.8
17329.0,15,24,316.25
17330.0,23,6,363.9
17331.0,124,1,175.2
17333.0,86,28,494.25
17334.0,303,11,307.02
17337.0,152,484,1885.3
17338.0,18,667,5571.16
17339.0,95,7,213.36
17340.0,30,372,11593.17
17341.0,157,166,721.01
17343.0,356,15,182.39
17344.0,47,25,141.3
17345.0,16,76,494.93
17346.0,4,450,2440.95
17347.0,87,1,228.96
17348.0,15,206,1122.31
17349.0,180,8,109.5
17350.0,9,68,1260.03
17351.0,37,25,555.35
17353.0,130,8,1740.0
17354.0,51,15,1382.56
17356.0,312,18,148.51999999999998
17357.0,25,42,380.21
17358.0,304,49,335.55
17359.0,12,13,126.66
17360.0,18,117,483.89
17361.0,50,28,487.78000000000003
17362.0,240,32,292.98
17364.0,1,383,4217.62
17365.0,13,443,4582.86
17367.0,239,32,163.4
17368.0,24,94,1114.6299999999999
17370.0,73,31,415.28
17371.0,18,80,407.15
17372.0,41,215,1015.58
17373.0,41,50,588.17
17374.0,219,27,479.87
17375.0,200,52,323.78000000000003
17376.0,71,19,164.7
17377.0,24,358,3631.92
17379.0,12,73,354.56
17381.0,9,109,20275.61
17382.0,66,2,65.4
17383.0,5,49,190.54
17384.0,20,10,87.08
17385.0,15,38,229.63
17386.0,8,26,2566.42
17387.0,20,71,747.49
17388.0,78,15,1259.56
17389.0,1,186,29264.88
17391.0,164,3,508.8
17392.0,307,55,404.33
17394.0,220,3,195.16999999999996
17396.0,40,26,7312.8
17397.0,23,85,633.01
17398.0,115,38,653.38
17400.0,127,197,1966.46
17402.0,5,57,2590.9
17403.0,37,33,281.62
17404.0,5,193,30500.22
17405.0,2,79,1000.87
17406.0,334,97,1959.43
17408.0,164,2,32.65
17409.0,185,12,754.0
17410.0,17,64,1214.72
17411.0,13,40,768.74
17412.0,3,64,1214.86
17414.0,44,6,778.0
17415.0,80,14,507.84
17416.0,30,239,5831.59
17418.0,43,25,367.86
17419.0,12,190,3935.27
17420.0,51,29,583.83
17422.0,17,106,1804.23
17423.0,47,26,698.41
17425.0,20,41,721.37
17426.0,9,267,4753.86
17427.0,72,2,100.8
17428.0,1,307,16172.05
17429.0,129,31,459.6
17430.0,33,13,248.06
17431.0,314,42,372.7
17432.0,19,48,365.76
17433.0,89,52,295.65999999999997
17434.0,3,124,2180.34
17436.0,2,9,216.29999999999998
17438.0,254,17,388.45000000000005
17440.0,157,5,186.42000000000002
17442.0,37,133,2207.7599999999998
17443.0,220,1,534.24
17444.0,152,111,2013.22
17446.0,177,9,120.9
17447.0,41,36,541.53
17449.0,3,227,1995.53
17450.0,9,325,180847.03
17451.0,2,99,1718.9
17453.0,18,19,486.71999999999997
17454.0,193,55,463.24
17455.0,204,8,131.7
17456.0,366,17,249.86
17457.0,127,13,1421.44
17458.0,16,50,301.79
17459.0,44,106,631.63
17460.0,95,25,498.53000000000003
17461.0,23,102,710.29
17462.0,61,25,646.71
17463.0,17,179,1579.59
17464.0,159,6,189.06
17466.0,11,33,546.83
17468.0,11,5,137.0
17469.0,17,80,1710.77
17470.0,45,66,978.01
17472.0,192,164,657.26
17475.0,80,13,184.89
17480.0,78,28,496.82
17481.0,4,78,1198.58
17483.0,66,19,360.64
17486.0,262,22,363.87
17489.0,59,29,376.64
17490.0,1,76,2092.32
17491.0,2,105,3457.88
17492.0,249,12,374.57
17495.0,8,26,467.56
17496.0,359,9,235.65000000000003
17498.0,76,14,221.22
17499.0,290,37,570.5799999999999
17500.0,18,5,1138.0
17501.0,221,17,273.6
17502.0,10,26,644.1
17503.0,3,37,549.6
17504.0,207,124,2940.87
17505.0,162,52,1145.84
17506.0,76,12,281.2
17507.0,262,85,594.2
17508.0,281,17,313.51
17509.0,58,345,5800.14
17510.0,25,20,308.48
17511.0,3,886,80952.39
17512.0,29,101,2780.79
17513.0,73,6,513.2
17514.0,129,30,161.13
17515.0,32,85,632.26
17516.0,16,125,682.08
17517.0,309,11,153.94
17519.0,18,76,1741.77
17520.0,54,27,480.11
17521.0,30,45,723.2099999999999
17522.0,2,58,945.0699999999999
17523.0,12,33,652.74
17524.0,362,6,145.0
17525.0,360,8,400.20000000000005
17526.0,5,19,1195.8999999999999
17527.0,54,41,834.51
17528.0,2,243,3470.54
17530.0,2,374,2306.05
17531.0,191,13,261.3
17534.0,54,9,223.36
17535.0,281,13,164.4
17537.0,30,43,660.86
17538.0,26,9,98.42
17540.0,25,25,578.9
17542.0,270,21,141.29999999999998
17545.0,44,134,614.41
17548.0,234,5,103.3
17549.0,24,6,148.86
17550.0,198,29,212.29
17551.0,360,31,207.95
17552.0,61,47,865.01
17553.0,130,2,1487.6
17554.0,2,85,1925.9
17555.0,20,99,459.46
17556.0,206,6,157.9
17557.0,15,28,462.68
17560.0,95,19,646.37
17561.0,20,43,157.0
17562.0,15,63,1122.38
17564.0,25,48,445.51
17566.0,9,148,869.11
17567.0,8,156,4190.03
17569.0,333,26,330.44
17571.0,51,264,1339.34
17572.0,72,11,206.85000000000002
17573.0,30,25,380.6
17574.0,243,8,185.65
17576.0,9,384,3346.0
17578.0,219,5,143.45999999999998
17579.0,5,45,421.15000000000003
17580.0,253,35,175.48000000000002
17581.0,1,407,9986.99
17582.0,237,27,169.62
17584.0,8,34,1122.3
17585.0,110,192,1032.93
17588.0,101,20,1102.14
17589.0,61,241,2283.48
17590.0,3,191,1431.0
17591.0,74,159,2205.37
17593.0,4,178,3386.79
17594.0,86,46,883.58
17595.0,13,81,377.54
17596.0,24,240,2489.17
17597.0,214,53,1968.72
17600.0,18,10,145.73000000000002
17601.0,240,8,108.50999999999999
17602.0,3,510,4757.56
17603.0,79,11,394.72
17604.0,218,56,292.51
17608.0,34,46,152.81
17609.0,41,207,1002.64
17611.0,8,493,3549.48
17612.0,54,119,1634.79
17613.0,23,272,3975.5
17614.0,58,86,342.93
17615.0,131,13,309.70000000000005
17618.0,6,74,817.08
17619.0,313,65,189.17
17620.0,60,4,81.44
17621.0,22,25,1362.2
17623.0,33,32,521.25
17624.0,15,50,843.48
17625.0,19,266,1636.0
17628.0,82,4,59.400000000000006
17629.0,6,113,1563.98
17630.0,170,20,386.4
17631.0,2,33,464.68
17633.0,32,68,1292.64
17634.0,37,267,2193.73
17636.0,20,20,285.56
17637.0,32,32,509.83000000000004
17639.0,277,7,108.5
17640.0,87,3,397.26
17642.0,120,38,670.69
17643.0,374,8,101.55
17644.0,2,143,2760.4
17646.0,220,49,985.59
17647.0,66,7,133.06
17648.0,61,88,1755.98
17649.0,139,51,847.69
17650.0,22,8,166.08
17651.0,12,218,3703.2
17652.0,26,227,4258.5
17653.0,37,41,1120.88
17654.0,278,21,113.65
17655.0,11,85,2459.41
17656.0,74,74,1465.43
17658.0,26,14,464.14
17659.0,18,151,2880.76
17660.0,142,39,171.0
17663.0,26,80,1701.45
17664.0,19,41,579.14
17666.0,4,16,652.3199999999999
17667.0,67,112,1957.71
17668.0,2,14,327.84999999999997
17669.0,43,62,2877.2200000000003
17670.0,228,10,173.9
17671.0,16,51,1531.91
17672.0,51,106,3111.27
17673.0,2,212,1557.01
17674.0,75,27,551.04
17675.0,2,670,18532.88
17676.0,5,72,1289.78
17677.0,2,281,14024.68
17678.0,264,16,298.11
17679.0,53,29,1952.16
17680.0,24,10,175.9
17682.0,11,108,2277.16
17684.0,44,15,239.41
17685.0,17,116,2444.03
17686.0,8,258,5152.66
17690.0,31,245,4588.57
17691.0,359,17,257.7
17692.0,128,45,725.5799999999999
17693.0,138,15,193.51
17694.0,142,15,283.12
17695.0,132,33,707.54
17696.0,39,97,1991.6100000000001
17697.0,237,19,338.95
17698.0,261,8,154.95
17700.0,17,122,2031.51
17701.0,253,23,400.25
17702.0,31,65,1515.01
17703.0,36,55,798.74
17704.0,169,28,782.29
17705.0,4,97,1710.02
17706.0,5,350,9616.61
17707.0,186,5,152.4
17708.0,188,35,267.08
17709.0,170,7,137.45
17711.0,11,23,385.1
17712.0,45,26,410.71
17714.0,321,5,78.0
17716.0,23,236,5241.29
17718.0,233,6,139.35
17719.0,38,267,5306.16
17720.0,27,48,1175.54
17722.0,97,102,2211.31
17723.0,128,8,3177.4
17724.0,72,32,832.7
17725.0,17,171,2976.48
17727.0,16,64,1034.15
17728.0,4,161,2805.61
17730.0,4,196,4896.99
17731.0,80,58,1094.71
17732.0,373,15,246.87
17733.0,39,32,652.89
17734.0,54,41,665.83
17735.0,3,655,12400.7
17736.0,10,24,337.49
17737.0,10,10,168.24
17738.0,20,89,1738.55
17739.0,12,47,2791.35
17742.0,114,14,284.31
17744.0,4,109,1810.3
17746.0,241,6,110.25
17747.0,113,1,71.4
17749.0,179,33,639.12
17750.0,6,158,1548.43
17752.0,360,1,80.64
17754.0,1,68,945.92
17757.0,2,718,5495.1900000000005
17758.0,20,377,3243.81
17759.0,18,91,818.54
17760.0,22,24,257.35
17761.0,33,19,712.78
17764.0,51,75,818.8199999999999
17765.0,159,57,371.88
17767.0,16,17,204.2
17768.0,9,103,2239.36
17769.0,13,300,3892.98
17770.0,199,31,755.97
17771.0,57,52,234.83
17772.0,11,46,150.82
17774.0,97,129,941.17
17775.0,255,2,36.0
17777.0,25,176,619.4
17779.0,22,72,604.2
17781.0,160,10,172.12
17783.0,73,61,258.38
17785.0,54,13,131.94
17786.0,86,56,229.67
17787.0,153,120,1621.6200000000001
17788.0,74,4,1112.95
17789.0,282,14,225.9
17790.0,27,164,1675.92
17791.0,30,10,106.1
17793.0,26,52,303.24
17795.0,180,40,308.49
17796.0,41,81,696.25
17797.0,23,105,721.3199999999999
17799.0,23,361,2675.6
17800.0,38,84,930.0600000000001
17802.0,83,101,921.64
17805.0,74,8,318.51
17806.0,12,37,487.36
17809.0,17,59,5305.71
17811.0,5,783,7320.74
17812.0,13,131,669.16
17813.0,15,343,1708.96
17816.0,37,15,31.66
17817.0,5,32,383.93
17819.0,72,46,3690.95
17824.0,52,13,298.4
17827.0,6,184,1640.58
17828.0,23,47,898.23
17829.0,299,29,823.84
17830.0,2,19,329.3
17831.0,34,2,35.400000000000006
17832.0,50,36,114.99000000000001
17835.0,3,57,340.66
17836.0,48,16,37.82
17837.0,43,143,1435.34
17838.0,27,115,2711.89
17839.0,43,55,337.55
17841.0,2,7097,36790.5
17843.0,304,27,133.78
17844.0,107,5,51.559999999999995
17848.0,82,42,818.62
17849.0,219,24,598.6500000000001
17850.0,373,212,3689.25
17852.0,12,24,114.34
17854.0,186,13,288.01
17855.0,373,17,208.97
17856.0,2,14,1379.03
17857.0,5,48,25301.54
17858.0,6,185,4754.36
17859.0,305,24,146.95000000000002
17860.0,369,48,183.6
17861.0,4,215,2027.45
17862.0,324,9,150.9
17863.0,60,146,3114.4
17864.0,13,97,568.55
17865.0,31,355,9795.18
17866.0,143,8,311.95
17867.0,31,72,605.1700000000001
17869.0,108,34,372.44
17870.0,3,244,1673.04
17871.0,205,8,122.7
17873.0,81,37,1629.0800000000002
17874.0,186,30,562.53
17877.0,171,12,237.61
17878.0,44,23,298.51
17879.0,174,5,177.35999999999999
17880.0,365,26,458.92
17881.0,305,5,84.55000000000001
17883.0,4,138,633.02
17884.0,4,107,661.0
17885.0,13,61,184.31
17886.0,32,105,861.72
17887.0,130,9,95.45
17888.0,22,57,666.17
17889.0,213,19,155.02
17890.0,323,72,509.28000000000003
17891.0,163,33,198.82
17892.0,57,26,239.93
17893.0,226,16,112.25
17894.0,72,151,898.67
17895.0,45,14,86.61
17896.0,24,2,256.32
17897.0,173,107,545.35
17898.0,86,28,152.06
17899.0,160,29,120.49
17900.0,191,4,60.0
17901.0,30,19,110.38
17904.0,22,35,171.52
17905.0,157,31,398.09
17906.0,248,10,57.3
17908.0,374,47,162.38
17911.0,10,33,314.24
17912.0,311,32,275.91
17913.0,59,55,391.35
17914.0,4,78,320.53
17917.0,46,86,306.18
17919.0,89,23,1304.04
17920.0,5,655,4050.49
17921.0,65,141,788.52
17923.0,283,1,207.50000000000003
17924.0,12,27,2237.1
17925.0,373,1,244.08
17926.0,134,20,382.29
17928.0,46,20,108.81
17929.0,12,5,843.0
17930.0,36,39,1740.48
17931.0,135,59,381.41
17932.0,30,84,1239.67
17934.0,52,21,704.25
17935.0,142,27,134.57
17936.0,6,75,383.94
17937.0,9,43,4301.22
17939.0,160,12,99.14
17940.0,50,18,2238.58
17941.0,131,1,139.2
17942.0,8,2,77.50000000000001
17946.0,234,18,135.23
17947.0,38,9,176.68
17948.0,148,1,358.56000000000006
17949.0,2,68,57767.68
17950.0,73,67,446.95
17951.0,40,20,1008.5400000000001
17954.0,6,445,2143.58
17955.0,219,18,394.1
17956.0,250,1,12.75
17957.0,67,29,107.77
17958.0,117,4,406.4599999999999
17960.0,172,26,73.78
17961.0,22,227,1150.52
17962.0,143,29,85.92999999999999
17964.0,32,96,422.55
17965.0,38,293,2372.12
17966.0,38,61,885.53
17967.0,372,45,108.57
17968.0,374,69,207.57999999999998
17969.0,167,14,228.2
17970.0,212,25,488.59
17972.0,242,27,118.29
17973.0,52,13,313.64
17974.0,25,168,695.84
17975.0,16,277,4396.74
17976.0,373,46,179.14
17977.0,30,17,260.9
17978.0,366,12,300.91999999999996
17979.0,36,135,706.18
17980.0,166,28,803.4
17984.0,146,46,138.35
17985.0,23,13,189.65
17986.0,57,1,20.8
17987.0,186,12,186.87
17988.0,12,36,159.22
17990.0,237,24,545.64
17991.0,226,5,93.35
17994.0,122,70,607.69
17995.0,282,1,52.5
17997.0,75,137,1698.48
17999.0,38,75,298.88
18001.0,13,53,375.23
18004.0,363,35,141.82
18005.0,4,56,225.19
18006.0,24,19,411.63
18008.0,71,29,2096.29
18009.0,236,28,212.74
18010.0,257,14,174.8
18011.0,374,22,72.98
18013.0,156,30,183.93
18014.0,29,30,150.52
18015.0,5,38,105.29
18016.0,33,116,1400.36
18018.0,109,29,122.14
18019.0,52,4,28.55
18022.0,36,181,647.6
18024.0,153,21,389.78
18027.0,99,20,111.06
18030.0,5,9,230.64999999999998
18032.0,335,3,48.3
18033.0,66,31,85.89
18034.0,22,105,405.57
18035.0,36,51,700.76
18036.0,33,87,356.95
18037.0,155,18,62.07
18040.0,20,18,336.40000000000003
18041.0,12,429,3762.98
18042.0,54,7,165.04999999999998
18043.0,25,114,522.42
18044.0,5,124,2050.9
18045.0,46,46,188.15
18048.0,204,7,172.29000000000002
18050.0,360,3,44.4
18053.0,71,19,264.62
18055.0,8,306,5958.150000000001
18056.0,289,19,363.65
18058.0,10,1,81.6
18059.0,24,14,246.56
18061.0,22,43,1889.49
18062.0,174,27,720.52
18064.0,134,7,814.0
18065.0,6,122,2078.73
18066.0,76,10,318.0
18067.0,41,35,392.58
18068.0,290,1,101.69999999999999
18069.0,27,419,1859.92
18071.0,258,23,430.5
18072.0,186,14,175.68
18073.0,115,67,3706.5200000000004
18074.0,374,13,489.6
18075.0,24,129,2236.57
18077.0,9,223,2603.0099999999998
18078.0,218,28,334.48
18079.0,46,120,3400.67
18080.0,19,2,1231.5
18081.0,37,17,343.45
18082.0,26,68,661.29
18084.0,17,1,90.47999999999999
18085.0,331,27,642.1
18086.0,275,7,101.34
18087.0,291,1,3202.9199999999996
18088.0,62,35,160.97
18092.0,3,78,7854.88
18093.0,94,36,2106.52
18094.0,82,64,2674.9
18095.0,313,21,580.0500000000001
18096.0,12,177,793.9
18097.0,8,91,2372.0
18099.0,128,17,161.59
18101.0,12,30,143.3
18102.0,1,423,253922.76
18104.0,38,37,746.84
18105.0,38,17,78.08000000000001
18106.0,330,38,349.1
18108.0,255,14,220.0
18109.0,2,423,7907.61
18110.0,20,34,181.85
18112.0,13,26,352.69
18113.0,369,1,76.32000000000001
18114.0,291,25,205.75
18116.0,68,278,1004.8
18117.0,26,66,292.32
18118.0,11,1133,4951.6
18119.0,368,29,169.17
18120.0,215,13,86.05
18121.0,150,30,649.8
18122.0,9,317,1548.69
18123.0,25,33,563.4399999999999
18125.0,30,167,986.59
18126.0,61,46,178.71
18127.0,20,38,229.88
18129.0,244,11,106.25
18130.0,16,66,994.79
18133.0,213,1,931.4999999999999
18135.0,30,20,681.9100000000001
18136.0,64,38,784.33
18138.0,296,7,145.15
18139.0,18,159,8438.34
18142.0,158,15,1019.52
18143.0,117,58,959.8000000000001
18144.0,8,39,2714.85
18145.0,13,213,2735.9
18146.0,141,8,124.80000000000001
18147.0,46,5,120.78
18149.0,216,13,520.18
18150.0,33,37,566.58
18151.0,135,34,564.1
18154.0,4,21,399.19
18155.0,76,24,361.42
18156.0,13,129,694.69
18158.0,10,33,432.6
18159.0,302,23,530.15
18160.0,58,36,588.36
18161.0,16,72,1458.49
18164.0,38,23,382.65000000000003
18165.0,178,10,302.46000000000004
18167.0,24,35,1314.06
18168.0,177,120,1076.24
18169.0,61,9,202.65
18170.0,34,34,845.61
18171.0,59,51,1183.46
18172.0,15,181,5997.48
18173.0,87,29,1900.92
18176.0,359,26,422.05
18177.0,32,65,1160.5
18178.0,129,90,1438.11
18179.0,10,86,1746.97
18180.0,5,108,1656.9
18181.0,25,40,341.3
18183.0,228,33,554.27
18184.0,16,1,49.8
18185.0,250,17,304.25
18188.0,16,68,1952.8400000000001
18189.0,78,65,1039.54
18190.0,193,13,251.16000000000003
18191.0,262,6,187.39999999999998
18192.0,72,41,882.37
18193.0,166,15,242.08
18194.0,83,6,810.64
18196.0,96,122,626.6
18198.0,5,158,5390.16
18200.0,107,28,143.16
18202.0,200,68,1396.99
18203.0,158,19,160.42000000000002
18204.0,72,185,1878.75
18205.0,37,31,497.46
18209.0,29,5,86.55000000000001
18210.0,2,132,2585.58
18211.0,26,42,600.07
18212.0,327,38,183.19
18213.0,237,11,183.58
18215.0,90,12,284.34000000000003
18216.0,32,22,413.65
18217.0,30,28,587.1
18218.0,212,14,535.9
18219.0,3,106,1945.27
18220.0,227,2,305.28000000000003
18221.0,23,55,902.93
18222.0,93,18,407.6
18223.0,5,249,5957.29
18224.0,264,8,129.55
18225.0,4,243,4779.46
18226.0,45,222,4775.6
18227.0,218,5,93.75
18228.0,57,29,764.54
18229.0,12,156,6718.16
18230.0,10,80,2187.04
18231.0,193,111,1908.82
18232.0,82,36,573.1700000000001
18233.0,326,1,440.0
18235.0,72,102,1755.28
18236.0,30,46,837.64
18237.0,3,61,987.1
18239.0,219,79,1412.48
18240.0,47,3,89.88000000000001
18241.0,10,93,1841.29
18242.0,73,76,2205.69
18245.0,8,158,2361.44
18246.0,24,4,596.1
18248.0,123,45,765.44
18249.0,18,8,95.34
18250.0,311,20,339.07
18251.0,88,16,4314.72
18252.0,51,80,432.69
18255.0,90,5,85.6
18257.0,40,111,2207.78
18259.0,25,41,2248.6000000000004
18260.0,173,123,2461.85
18261.0,44,21,324.24
18262.0,141,12,136.98
18263.0,26,50,1001.92
18265.0,73,44,771.21
18269.0,367,7,168.6
18270.0,39,10,244.9
18272.0,3,155,2920.7200000000003
18274.0,31,10,160.92
18276.0,44,14,335.86
18277.0,59,7,92.53
18278.0,74,9,173.9
18280.0,278,10,180.60000000000002
18281.0,181,7,80.82
18282.0,8,12,178.05
18283.0,4,719,1964.26
18287.0,43,58,1220.06
